timestamp, memory.used [MiB], memory.total [MiB], utilization.gpu [%], power.draw [W]
2026/09/23 17:31:04.385, 5, 46068, 0, 33.19
2026/09/23 17:31:05.392, 5, 46068, 0, 33.44
2026/09/23 17:31:06.393, 5, 46068, 0, 33.44
2026/09/23 17:31:07.394, 5, 46068, 0, 33.20
2026/09/23 17:31:08.395, 5, 46068, 0, 33.20
2026/09/23 17:31:09.396, 5, 46068, 0, 33.20
2026/09/23 17:31:10.397, 5, 46068, 0, 33.20
2026/09/23 17:31:11.399, 5, 46068, 0, 33.20
2026/09/23 17:31:12.400, 5, 46068, 0, 33.20
2026/09/23 17:31:13.402, 5, 46068, 0, 33.20
2026/09/23 17:31:14.404, 5, 46068, 0, 33.31
2026/09/23 17:31:15.405, 5, 46068, 0, 33.31
2026/09/23 17:31:16.406, 5, 46068, 0, 33.20
2026/09/23 17:31:17.408, 5, 46068, 0, 33.20
2026/09/23 17:31:18.409, 5, 46068, 0, 33.20
2026/09/23 17:31:19.411, 5, 46068, 0, 33.20
2026/09/23 17:31:20.413, 5, 46068, 0, 33.32
2026/09/23 17:31:21.415, 5, 46068, 0, 33.20
2026/09/23 17:31:22.416, 5, 46068, 0, 33.08
2026/09/23 17:31:23.418, 5, 46068, 0, 33.19
2026/09/23 17:31:24.420, 5, 46068, 0, 33.19
2026/09/23 17:31:25.422, 5, 46068, 0, 33.20
2026/09/23 17:31:26.423, 5, 46068, 0, 33.44
2026/09/23 17:31:27.424, 5, 46068, 0, 33.43
2026/09/23 17:31:28.425, 5, 46068, 0, 33.19
2026/09/23 17:31:29.427, 5, 46068, 0, 33.32
2026/09/23 17:31:30.428, 5, 46068, 0, 33.32
2026/09/23 17:31:31.429, 5, 46068, 0, 33.20
2026/09/23 17:31:32.431, 5, 46068, 0, 33.55
2026/09/23 17:31:33.432, 5, 46068, 0, 33.55
2026/09/23 17:31:34.434, 522, 46068, 0, 50.57
2026/09/23 17:31:35.435, 16196, 46068, 10, 85.76
2026/09/23 17:31:36.437, 16196, 46068, 11, 86.56
2026/09/23 17:31:37.439, 16196, 46068, 4, 85.34
2026/09/23 17:31:38.441, 16196, 46068, 11, 86.22
2026/09/23 17:31:39.442, 16196, 46068, 0, 85.55
2026/09/23 17:31:40.444, 16196, 46068, 11, 85.65
2026/09/23 17:31:41.446, 16196, 46068, 3, 86.58
2026/09/23 17:31:42.448, 16196, 46068, 10, 86.51
2026/09/23 17:31:43.450, 16156, 46068, 1, 86.17
2026/09/23 17:31:44.451, 16156, 46068, 0, 85.30
2026/09/23 17:31:45.452, 16156, 46068, 0, 84.36
2026/09/23 17:31:46.453, 16156, 46068, 0, 84.13
2026/09/23 17:31:47.455, 16156, 46068, 0, 84.15
2026/09/23 17:31:48.456, 16156, 46068, 0, 84.13
2026/09/23 17:31:49.457, 16156, 46068, 0, 84.13
2026/09/23 17:31:50.458, 16156, 46068, 0, 84.18
2026/09/23 17:31:51.460, 16156, 46068, 0, 84.01
2026/09/23 17:31:52.462, 16156, 46068, 0, 85.30
2026/09/23 17:31:53.463, 16156, 46068, 0, 85.23
2026/09/23 17:31:54.464, 16156, 46068, 0, 85.32
2026/09/23 17:31:55.466, 16156, 46068, 0, 85.44
2026/09/23 17:31:56.467, 17376, 46068, 31, 149.41
2026/09/23 17:31:57.469, 17376, 46068, 0, 84.05
2026/09/23 17:31:58.470, 17376, 46068, 0, 84.07
2026/09/23 17:31:59.472, 17376, 46068, 0, 83.87
2026/09/23 17:32:00.473, 17376, 46068, 98, 126.73
2026/09/23 17:32:01.474, 17376, 46068, 0, 126.22
2026/09/23 17:32:02.476, 17376, 46068, 0, 84.08
2026/09/23 17:32:03.477, 17376, 46068, 0, 83.68
2026/09/23 17:32:04.479, 17376, 46068, 0, 83.97
2026/09/23 17:32:05.481, 17376, 46068, 0, 83.79
2026/09/23 17:32:06.482, 17376, 46068, 0, 83.86
2026/09/23 17:32:07.483, 17376, 46068, 0, 83.79
2026/09/23 17:32:08.485, 17376, 46068, 0, 84.23
2026/09/23 17:32:09.486, 17376, 46068, 0, 84.11
2026/09/23 17:32:10.488, 17376, 46068, 0, 84.30
2026/09/23 17:32:11.489, 17376, 46068, 0, 84.47
2026/09/23 17:32:12.490, 17376, 46068, 0, 83.97
2026/09/23 17:32:13.492, 17376, 46068, 0, 83.87
2026/09/23 17:32:14.493, 17376, 46068, 0, 83.73
2026/09/23 17:32:15.495, 17376, 46068, 0, 83.65
2026/09/23 17:32:16.496, 17376, 46068, 0, 83.99
2026/09/23 17:32:17.497, 17376, 46068, 0, 83.81
2026/09/23 17:32:18.499, 17376, 46068, 0, 83.92
2026/09/23 17:32:19.501, 17378, 46068, 0, 83.99
2026/09/23 17:32:20.502, 17378, 46068, 0, 84.19
2026/09/23 17:32:21.503, 17378, 46068, 0, 84.01
2026/09/23 17:32:22.505, 17378, 46068, 1, 84.12
2026/09/23 17:32:23.507, 17394, 46068, 98, 109.84
2026/09/23 17:32:24.509, 17394, 46068, 98, 204.71
2026/09/23 17:32:25.510, 17362, 46068, 0, 126.53
2026/09/23 17:32:26.511, 40900, 46068, 60, 132.09
2026/09/23 17:32:27.513, 41050, 46068, 54, 242.14
2026/09/23 17:32:28.514, 41148, 46068, 45, 228.56
2026/09/23 17:32:29.515, 41254, 46068, 46, 192.29
2026/09/23 17:32:30.516, 41470, 46068, 0, 125.24
2026/09/23 17:32:31.518, 41470, 46068, 0, 106.25
2026/09/23 17:32:32.519, 41470, 46068, 0, 106.25
2026/09/23 17:32:33.520, 41470, 46068, 0, 83.91
2026/09/23 17:32:34.522, 41470, 46068, 0, 83.44
2026/09/23 17:32:35.524, 41470, 46068, 95, 174.30
2026/09/23 17:32:36.526, 41470, 46068, 96, 261.68
2026/09/23 17:32:37.527, 41470, 46068, 95, 261.99
2026/09/23 17:32:38.529, 41470, 46068, 95, 262.86
2026/09/23 17:32:39.530, 41470, 46068, 95, 263.40
2026/09/23 17:32:40.531, 41470, 46068, 96, 260.20
2026/09/23 17:32:41.533, 41470, 46068, 96, 263.78
2026/09/23 17:32:42.535, 41470, 46068, 96, 264.35
2026/09/23 17:32:43.537, 41470, 46068, 95, 264.82
2026/09/23 17:32:44.540, 41470, 46068, 95, 264.43
2026/09/23 17:32:45.541, 41470, 46068, 95, 264.85
2026/09/23 17:32:46.543, 41470, 46068, 96, 273.24
2026/09/23 17:32:47.544, 41470, 46068, 96, 267.23
2026/09/23 17:32:48.546, 41470, 46068, 96, 268.54
2026/09/23 17:32:49.547, 41470, 46068, 96, 267.92
2026/09/23 17:32:50.549, 41470, 46068, 94, 269.32
2026/09/23 17:32:51.550, 41470, 46068, 96, 268.02
2026/09/23 17:32:52.552, 41470, 46068, 96, 265.45
2026/09/23 17:32:53.553, 41470, 46068, 96, 271.94
2026/09/23 17:32:54.554, 41470, 46068, 95, 271.53
2026/09/23 17:32:55.556, 41470, 46068, 95, 271.08
2026/09/23 17:32:56.558, 41470, 46068, 95, 272.82
2026/09/23 17:32:57.559, 41470, 46068, 95, 271.29
2026/09/23 17:32:58.561, 41470, 46068, 96, 273.22
2026/09/23 17:32:59.562, 41470, 46068, 96, 272.82
2026/09/23 17:33:00.563, 41470, 46068, 96, 274.24
2026/09/23 17:33:01.564, 41470, 46068, 95, 273.44
2026/09/23 17:33:02.566, 41470, 46068, 95, 273.83
2026/09/23 17:33:03.568, 41470, 46068, 96, 273.05
2026/09/23 17:33:04.569, 41470, 46068, 96, 278.23
2026/09/23 17:33:05.571, 41470, 46068, 96, 274.62
2026/09/23 17:33:06.573, 41470, 46068, 95, 274.00
2026/09/23 17:33:07.574, 41470, 46068, 96, 274.74
2026/09/23 17:33:08.576, 41470, 46068, 95, 275.42
2026/09/23 17:33:09.577, 41470, 46068, 95, 274.31
2026/09/23 17:33:10.578, 41470, 46068, 95, 274.09
2026/09/23 17:33:11.580, 41470, 46068, 95, 274.89
2026/09/23 17:33:12.581, 41470, 46068, 96, 276.14
2026/09/23 17:33:13.583, 41470, 46068, 95, 275.99
2026/09/23 17:33:14.584, 41470, 46068, 94, 276.11
2026/09/23 17:33:15.585, 41470, 46068, 95, 285.16
2026/09/23 17:33:16.587, 41470, 46068, 96, 283.13
2026/09/23 17:33:17.588, 41470, 46068, 96, 274.83
2026/09/23 17:33:18.590, 41470, 46068, 95, 274.42
2026/09/23 17:33:19.591, 41470, 46068, 95, 275.06
2026/09/23 17:33:20.592, 41470, 46068, 95, 274.03
2026/09/23 17:33:21.593, 41470, 46068, 93, 273.78
2026/09/23 17:33:22.595, 41470, 46068, 95, 275.19
2026/09/23 17:33:23.596, 41470, 46068, 95, 274.14
2026/09/23 17:33:24.597, 41470, 46068, 95, 275.52
2026/09/23 17:33:25.598, 41470, 46068, 96, 275.19
2026/09/23 17:33:26.600, 41470, 46068, 95, 276.72
2026/09/23 17:33:27.602, 41470, 46068, 95, 272.57
2026/09/23 17:33:28.603, 41470, 46068, 95, 274.96
2026/09/23 17:33:29.604, 41470, 46068, 95, 273.40
2026/09/23 17:33:30.605, 41470, 46068, 95, 274.31
2026/09/23 17:33:31.607, 41470, 46068, 95, 273.82
2026/09/23 17:33:32.608, 41470, 46068, 95, 274.48
2026/09/23 17:33:33.610, 41470, 46068, 95, 283.49
2026/09/23 17:33:34.612, 41470, 46068, 94, 276.72
2026/09/23 17:33:35.614, 41470, 46068, 95, 277.63
2026/09/23 17:33:36.616, 41470, 46068, 95, 276.10
2026/09/23 17:33:37.617, 41470, 46068, 95, 276.90
2026/09/23 17:33:38.619, 41470, 46068, 95, 276.43
2026/09/23 17:33:39.620, 41470, 46068, 95, 271.66
2026/09/23 17:33:40.622, 41470, 46068, 95, 277.09
2026/09/23 17:33:41.624, 41470, 46068, 96, 277.91
2026/09/23 17:33:42.625, 41470, 46068, 96, 278.00
2026/09/23 17:33:43.627, 41470, 46068, 96, 277.81
2026/09/23 17:33:44.628, 41470, 46068, 94, 277.66
2026/09/23 17:33:45.630, 41470, 46068, 96, 273.84
2026/09/23 17:33:46.631, 41470, 46068, 96, 275.37
2026/09/23 17:33:47.632, 41470, 46068, 95, 275.76
2026/09/23 17:33:48.634, 41470, 46068, 95, 275.24
2026/09/23 17:33:49.635, 41470, 46068, 95, 276.11
2026/09/23 17:33:50.637, 41470, 46068, 95, 276.93
2026/09/23 17:33:51.639, 41470, 46068, 96, 285.40
2026/09/23 17:33:52.640, 41470, 46068, 96, 278.65
2026/09/23 17:33:53.642, 41470, 46068, 96, 277.87
2026/09/23 17:33:54.643, 41470, 46068, 96, 278.90
2026/09/23 17:33:55.644, 41470, 46068, 95, 279.94
2026/09/23 17:33:56.646, 41470, 46068, 92, 278.43
2026/09/23 17:33:57.647, 41470, 46068, 95, 277.83
2026/09/23 17:33:58.649, 41470, 46068, 96, 279.52
2026/09/23 17:33:59.650, 41470, 46068, 95, 278.12
2026/09/23 17:34:00.652, 41470, 46068, 94, 278.83
2026/09/23 17:34:01.654, 41470, 46068, 96, 280.59
2026/09/23 17:34:02.656, 41470, 46068, 95, 277.40
2026/09/23 17:34:03.658, 41470, 46068, 95, 279.42
2026/09/23 17:34:04.659, 41470, 46068, 95, 280.07
2026/09/23 17:34:05.660, 41470, 46068, 94, 280.26
2026/09/23 17:34:06.661, 41470, 46068, 96, 280.50
2026/09/23 17:34:07.662, 41470, 46068, 95, 280.15
2026/09/23 17:34:08.664, 41470, 46068, 95, 290.62
2026/09/23 17:34:09.665, 41470, 46068, 96, 282.14
2026/09/23 17:34:10.667, 41470, 46068, 95, 282.03
2026/09/23 17:34:11.668, 41470, 46068, 95, 281.74
2026/09/23 17:34:12.669, 41470, 46068, 96, 283.36
2026/09/23 17:34:13.670, 41470, 46068, 95, 284.51
2026/09/23 17:34:14.672, 41470, 46068, 96, 278.70
2026/09/23 17:34:15.674, 41470, 46068, 95, 283.04
2026/09/23 17:34:16.675, 41470, 46068, 95, 282.80
2026/09/23 17:34:17.676, 41470, 46068, 96, 282.51
2026/09/23 17:34:18.678, 41470, 46068, 96, 283.59
2026/09/23 17:34:19.680, 41470, 46068, 96, 283.67
2026/09/23 17:34:20.682, 41470, 46068, 95, 280.68
2026/09/23 17:34:21.683, 41470, 46068, 95, 282.47
2026/09/23 17:34:22.684, 41470, 46068, 95, 283.98
2026/09/23 17:34:23.686, 41470, 46068, 95, 283.87
2026/09/23 17:34:24.688, 41470, 46068, 96, 283.41
2026/09/23 17:34:25.689, 41470, 46068, 95, 283.47
2026/09/23 17:34:26.691, 41470, 46068, 94, 287.38
2026/09/23 17:34:27.692, 41470, 46068, 95, 284.14
2026/09/23 17:34:28.694, 41470, 46068, 96, 283.49
2026/09/23 17:34:29.695, 41470, 46068, 95, 283.64
2026/09/23 17:34:30.697, 41470, 46068, 95, 283.71
2026/09/23 17:34:31.698, 41470, 46068, 96, 283.75
2026/09/23 17:34:32.700, 41470, 46068, 96, 293.28
2026/09/23 17:34:33.701, 41470, 46068, 95, 283.18
2026/09/23 17:34:34.703, 41470, 46068, 95, 285.82
2026/09/23 17:34:35.705, 41470, 46068, 96, 285.24
2026/09/23 17:34:36.707, 41470, 46068, 96, 285.22
2026/09/23 17:34:37.709, 41470, 46068, 92, 281.10
2026/09/23 17:34:38.711, 41470, 46068, 94, 281.06
2026/09/23 17:34:39.712, 41470, 46068, 96, 284.91
2026/09/23 17:34:40.714, 41470, 46068, 95, 285.44
2026/09/23 17:34:41.716, 41470, 46068, 95, 284.98
2026/09/23 17:34:42.718, 41470, 46068, 96, 285.50
2026/09/23 17:34:43.722, 41470, 46068, 96, 282.27
2026/09/23 17:34:44.723, 41470, 46068, 95, 285.09
2026/09/23 17:34:45.725, 41470, 46068, 95, 286.01
2026/09/23 17:34:46.726, 41470, 46068, 96, 286.92
2026/09/23 17:34:47.728, 41470, 46068, 96, 286.80
2026/09/23 17:34:48.730, 41470, 46068, 95, 285.80
2026/09/23 17:34:49.731, 41470, 46068, 0, 234.33
2026/09/23 17:34:50.733, 41470, 46068, 0, 120.47
2026/09/23 17:34:51.735, 41470, 46068, 0, 95.06
2026/09/23 17:34:52.736, 41470, 46068, 0, 95.04
2026/09/23 17:34:53.738, 41470, 46068, 96, 252.87
2026/09/23 17:34:54.739, 41470, 46068, 95, 271.72
2026/09/23 17:34:55.740, 41470, 46068, 94, 259.00
2026/09/23 17:34:56.742, 41470, 46068, 96, 269.39
2026/09/23 17:34:57.743, 41470, 46068, 95, 256.95
2026/09/23 17:34:58.744, 41470, 46068, 95, 261.00
2026/09/23 17:34:59.746, 41470, 46068, 95, 258.66
2026/09/23 17:35:00.747, 41470, 46068, 96, 262.88
2026/09/23 17:35:01.748, 41470, 46068, 96, 258.52
2026/09/23 17:35:02.750, 41470, 46068, 96, 269.04
2026/09/23 17:35:03.751, 41470, 46068, 96, 257.84
2026/09/23 17:35:04.753, 41470, 46068, 95, 261.36
2026/09/23 17:35:05.754, 41470, 46068, 95, 261.76
2026/09/23 17:35:06.755, 41470, 46068, 96, 262.89
2026/09/23 17:35:07.757, 41470, 46068, 96, 255.54
2026/09/23 17:35:08.759, 41470, 46068, 96, 260.55
2026/09/23 17:35:09.760, 41470, 46068, 96, 271.92
2026/09/23 17:35:10.762, 41470, 46068, 95, 262.30
2026/09/23 17:35:11.763, 41470, 46068, 96, 267.57
2026/09/23 17:35:12.765, 41470, 46068, 97, 257.68
2026/09/23 17:35:13.766, 41470, 46068, 96, 253.13
2026/09/23 17:35:14.767, 41470, 46068, 96, 262.25
2026/09/23 17:35:15.769, 41470, 46068, 96, 272.56
2026/09/23 17:35:16.770, 41470, 46068, 94, 259.95
2026/09/23 17:35:17.772, 41470, 46068, 94, 261.95
2026/09/23 17:35:18.773, 41470, 46068, 95, 262.54
2026/09/23 17:35:19.774, 41470, 46068, 96, 263.25
2026/09/23 17:35:20.776, 41470, 46068, 96, 254.50
2026/09/23 17:35:21.777, 41470, 46068, 96, 269.52
2026/09/23 17:35:22.779, 41470, 46068, 96, 271.77
2026/09/23 17:35:23.780, 41470, 46068, 96, 258.26
2026/09/23 17:35:24.782, 41470, 46068, 95, 265.90
2026/09/23 17:35:25.783, 41470, 46068, 97, 262.55
2026/09/23 17:35:26.786, 41470, 46068, 96, 262.23
2026/09/23 17:35:27.787, 41470, 46068, 96, 253.52
2026/09/23 17:35:28.788, 41470, 46068, 96, 271.07
2026/09/23 17:35:29.789, 41470, 46068, 96, 257.90
2026/09/23 17:35:30.791, 41470, 46068, 95, 261.14
2026/09/23 17:35:31.793, 41470, 46068, 95, 262.60
2026/09/23 17:35:32.794, 41470, 46068, 96, 262.77
2026/09/23 17:35:33.795, 41470, 46068, 96, 256.36
2026/09/23 17:35:34.797, 41470, 46068, 96, 272.25
2026/09/23 17:35:35.799, 41470, 46068, 96, 272.38
2026/09/23 17:35:36.800, 41470, 46068, 95, 258.56
2026/09/23 17:35:37.802, 41470, 46068, 96, 263.88
2026/09/23 17:35:38.803, 41470, 46068, 97, 253.50
2026/09/23 17:35:39.805, 41470, 46068, 96, 257.98
2026/09/23 17:35:40.806, 41470, 46068, 96, 261.66
2026/09/23 17:35:41.807, 41470, 46068, 96, 271.97
2026/09/23 17:35:42.808, 41470, 46068, 95, 260.44
2026/09/23 17:35:43.810, 41470, 46068, 96, 266.11
2026/09/23 17:35:44.811, 41470, 46068, 96, 258.07
2026/09/23 17:35:45.813, 41470, 46068, 96, 259.43
2026/09/23 17:35:46.814, 41470, 46068, 96, 265.59
2026/09/23 17:35:47.815, 41470, 46068, 96, 273.71
2026/09/23 17:35:48.816, 41470, 46068, 95, 273.88
2026/09/23 17:35:49.818, 41470, 46068, 96, 261.88
2026/09/23 17:35:50.819, 41470, 46068, 96, 255.95
2026/09/23 17:35:51.820, 41470, 46068, 96, 260.14
2026/09/23 17:35:52.821, 41470, 46068, 96, 261.47
2026/09/23 17:35:53.822, 41470, 46068, 95, 269.58
2026/09/23 17:35:54.824, 41470, 46068, 95, 267.47
2026/09/23 17:35:55.826, 41470, 46068, 96, 259.84
2026/09/23 17:35:56.827, 41470, 46068, 96, 255.56
2026/09/23 17:35:57.828, 41470, 46068, 96, 258.92
2026/09/23 17:35:58.830, 41470, 46068, 96, 263.27
2026/09/23 17:35:59.831, 41470, 46068, 96, 265.95
2026/09/23 17:36:00.833, 41470, 46068, 95, 273.12
2026/09/23 17:36:01.833, 41470, 46068, 96, 273.32
2026/09/23 17:36:02.834, 41470, 46068, 96, 254.96
2026/09/23 17:36:03.836, 41470, 46068, 96, 262.47
2026/09/23 17:36:04.838, 41470, 46068, 97, 270.32
2026/09/23 17:36:05.839, 41470, 46068, 95, 265.48
2026/09/23 17:36:06.840, 41470, 46068, 96, 274.51
2026/09/23 17:36:07.842, 41470, 46068, 96, 267.15
2026/09/23 17:36:08.844, 41470, 46068, 96, 261.30
2026/09/23 17:36:09.845, 41470, 46068, 96, 261.97
2026/09/23 17:36:10.846, 41470, 46068, 96, 263.00
2026/09/23 17:36:11.847, 41470, 46068, 95, 269.61
2026/09/23 17:36:12.848, 41470, 46068, 94, 259.12
2026/09/23 17:36:13.850, 41470, 46068, 96, 265.83
2026/09/23 17:36:14.851, 41470, 46068, 95, 254.80
2026/09/23 17:36:15.853, 41470, 46068, 95, 255.74
2026/09/23 17:36:16.854, 41470, 46068, 96, 262.26
2026/09/23 17:36:17.856, 41470, 46068, 96, 259.77
2026/09/23 17:36:18.857, 41470, 46068, 96, 262.67
2026/09/23 17:36:19.859, 41470, 46068, 95, 262.72
2026/09/23 17:36:20.863, 41470, 46068, 95, 268.24
2026/09/23 17:36:21.865, 41470, 46068, 95, 256.01
2026/09/23 17:36:22.866, 41470, 46068, 95, 262.28
2026/09/23 17:36:23.867, 41470, 46068, 97, 263.62
2026/09/23 17:36:24.869, 41470, 46068, 96, 261.68
2026/09/23 17:36:25.870, 41470, 46068, 95, 262.14
2026/09/23 17:36:26.871, 41470, 46068, 96, 271.80
2026/09/23 17:36:27.873, 41470, 46068, 95, 258.56
2026/09/23 17:36:28.874, 41470, 46068, 95, 256.97
2026/09/23 17:36:29.876, 41470, 46068, 97, 261.09
2026/09/23 17:36:30.877, 41470, 46068, 95, 260.38
2026/09/23 17:36:31.880, 41470, 46068, 95, 263.57
2026/09/23 17:36:32.882, 41470, 46068, 95, 255.38
2026/09/23 17:36:33.884, 41470, 46068, 95, 271.73
2026/09/23 17:36:34.886, 41470, 46068, 96, 258.74
2026/09/23 17:36:35.893, 41470, 46068, 95, 262.79
2026/09/23 17:36:36.894, 41470, 46068, 95, 262.95
2026/09/23 17:36:37.896, 41470, 46068, 95, 253.19
2026/09/23 17:36:38.897, 41470, 46068, 95, 262.90
2026/09/23 17:36:39.898, 41470, 46068, 96, 272.02
2026/09/23 17:36:40.900, 41470, 46068, 95, 261.24
2026/09/23 17:36:41.902, 41470, 46068, 95, 260.31
2026/09/23 17:36:42.904, 41470, 46068, 95, 261.65
2026/09/23 17:36:43.906, 41470, 46068, 95, 250.72
2026/09/23 17:36:44.907, 41470, 46068, 95, 254.65
2026/09/23 17:36:45.909, 41470, 46068, 95, 250.09
2026/09/23 17:36:46.910, 41470, 46068, 95, 267.30
2026/09/23 17:36:47.912, 41470, 46068, 95, 254.22
2026/09/23 17:36:48.913, 41470, 46068, 95, 262.57
2026/09/23 17:36:49.915, 41470, 46068, 96, 263.83
2026/09/23 17:36:50.916, 41470, 46068, 97, 260.91
2026/09/23 17:36:51.917, 41470, 46068, 95, 260.43
2026/09/23 17:36:52.918, 41470, 46068, 96, 270.99
2026/09/23 17:36:53.920, 41470, 46068, 95, 260.24
2026/09/23 17:36:54.922, 41470, 46068, 95, 258.40
2026/09/23 17:36:55.925, 41470, 46068, 96, 265.64
2026/09/23 17:36:56.926, 41470, 46068, 95, 264.34
2026/09/23 17:36:57.928, 41470, 46068, 95, 259.17
2026/09/23 17:36:58.930, 41470, 46068, 95, 257.51
2026/09/23 17:36:59.931, 41470, 46068, 95, 267.19
2026/09/23 17:37:00.932, 41470, 46068, 95, 255.59
2026/09/23 17:37:01.933, 41470, 46068, 96, 261.82
2026/09/23 17:37:02.934, 41470, 46068, 95, 259.91
2026/09/23 17:37:03.935, 41470, 46068, 95, 252.30
2026/09/23 17:37:04.937, 41470, 46068, 95, 259.54
2026/09/23 17:37:05.939, 41470, 46068, 96, 268.27
2026/09/23 17:37:06.940, 41470, 46068, 96, 259.21
2026/09/23 17:37:07.941, 41470, 46068, 95, 259.69
2026/09/23 17:37:08.942, 41470, 46068, 95, 259.11
2026/09/23 17:37:09.943, 41470, 46068, 95, 257.36
2026/09/23 17:37:10.945, 41470, 46068, 95, 258.42
2026/09/23 17:37:11.946, 41470, 46068, 95, 263.29
2026/09/23 17:37:12.947, 41470, 46068, 96, 270.42
2026/09/23 17:37:13.948, 41470, 46068, 0, 156.96
2026/09/23 17:37:14.950, 41470, 46068, 0, 111.92
2026/09/23 17:37:15.952, 41470, 46068, 0, 94.65
2026/09/23 17:37:16.954, 41470, 46068, 0, 94.21
2026/09/23 17:37:17.955, 41470, 46068, 96, 163.26
2026/09/23 17:37:18.957, 41470, 46068, 97, 254.00
2026/09/23 17:37:19.959, 41470, 46068, 96, 251.99
2026/09/23 17:37:20.960, 41470, 46068, 96, 254.15
2026/09/23 17:37:21.962, 41470, 46068, 96, 266.24
2026/09/23 17:37:22.963, 41470, 46068, 97, 264.78
2026/09/23 17:37:23.964, 41470, 46068, 96, 265.51
2026/09/23 17:37:24.966, 41470, 46068, 97, 266.27
2026/09/23 17:37:25.968, 41470, 46068, 96, 271.57
2026/09/23 17:37:26.969, 41470, 46068, 96, 276.95
2026/09/23 17:37:27.970, 41470, 46068, 95, 286.02
2026/09/23 17:37:28.971, 41470, 46068, 96, 281.81
2026/09/23 17:37:29.972, 41470, 46068, 96, 278.99
2026/09/23 17:37:30.974, 41470, 46068, 95, 296.08
2026/09/23 17:37:31.975, 41470, 46068, 96, 287.60
2026/09/23 17:37:32.976, 41470, 46068, 95, 276.02
2026/09/23 17:37:33.978, 41470, 46068, 96, 279.89
2026/09/23 17:37:34.979, 41470, 46068, 94, 282.84
2026/09/23 17:37:35.980, 41470, 46068, 98, 281.46
2026/09/23 17:37:36.982, 41470, 46068, 96, 276.81
2026/09/23 17:37:37.984, 41470, 46068, 95, 298.18
2026/09/23 17:37:38.985, 41470, 46068, 94, 294.37
2026/09/23 17:37:39.987, 41470, 46068, 96, 281.92
2026/09/23 17:37:40.988, 41470, 46068, 95, 277.73
2026/09/23 17:37:41.989, 41470, 46068, 95, 277.27
2026/09/23 17:37:42.990, 41470, 46068, 96, 287.01
2026/09/23 17:37:43.992, 41470, 46068, 95, 275.06
2026/09/23 17:37:44.994, 41470, 46068, 94, 291.38
2026/09/23 17:37:45.995, 41470, 46068, 95, 273.94
2026/09/23 17:37:46.997, 41470, 46068, 96, 277.52
2026/09/23 17:37:47.998, 41470, 46068, 96, 282.19
2026/09/23 17:37:49.189, 41470, 46068, 95, 286.52
2026/09/23 17:37:50.191, 41470, 46068, 96, 277.76
2026/09/23 17:37:51.192, 41470, 46068, 95, 275.45
2026/09/23 17:37:52.193, 41470, 46068, 96, 296.14
2026/09/23 17:37:53.195, 41470, 46068, 96, 280.74
2026/09/23 17:37:54.196, 41470, 46068, 97, 275.45
2026/09/23 17:37:55.197, 41470, 46068, 97, 281.48
2026/09/23 17:37:56.199, 41470, 46068, 95, 280.45
2026/09/23 17:37:57.201, 41470, 46068, 96, 294.77
2026/09/23 17:37:58.201, 41470, 46068, 95, 275.27
2026/09/23 17:37:59.203, 41470, 46068, 96, 285.45
2026/09/23 17:38:00.204, 41470, 46068, 95, 295.96
2026/09/23 17:38:01.205, 41470, 46068, 96, 279.96
2026/09/23 17:38:02.206, 41470, 46068, 95, 276.34
2026/09/23 17:38:03.207, 41470, 46068, 95, 277.15
2026/09/23 17:38:04.208, 41470, 46068, 96, 286.68
2026/09/23 17:38:05.209, 41470, 46068, 96, 281.33
2026/09/23 17:38:06.211, 41470, 46068, 97, 282.18
2026/09/23 17:38:07.212, 41470, 46068, 95, 297.08
2026/09/23 17:38:08.213, 41470, 46068, 95, 287.38
2026/09/23 17:38:09.214, 41470, 46068, 94, 275.40
2026/09/23 17:38:10.215, 41470, 46068, 96, 278.05
2026/09/23 17:38:11.217, 41470, 46068, 95, 274.90
2026/09/23 17:38:12.218, 41470, 46068, 96, 295.86
2026/09/23 17:38:13.220, 41470, 46068, 96, 270.50
2026/09/23 17:38:14.221, 41470, 46068, 95, 291.19
2026/09/23 17:38:15.222, 41470, 46068, 96, 303.91
2026/09/23 17:38:16.223, 41470, 46068, 95, 297.68
2026/09/23 17:38:17.225, 41470, 46068, 96, 280.10
2026/09/23 17:38:18.226, 41470, 46068, 96, 283.58
2026/09/23 17:38:19.228, 41470, 46068, 97, 284.61
2026/09/23 17:38:20.229, 41470, 46068, 94, 278.03
2026/09/23 17:38:21.231, 41470, 46068, 96, 270.10
2026/09/23 17:38:22.232, 41470, 46068, 95, 280.25
2026/09/23 17:38:23.233, 41470, 46068, 95, 309.60
2026/09/23 17:38:24.235, 41470, 46068, 95, 294.05
2026/09/23 17:38:25.236, 41470, 46068, 96, 284.95
2026/09/23 17:38:26.237, 41470, 46068, 95, 271.60
2026/09/23 17:38:27.238, 41470, 46068, 95, 292.66
2026/09/23 17:38:28.240, 41470, 46068, 96, 280.52
2026/09/23 17:38:29.241, 41470, 46068, 95, 272.73
2026/09/23 17:38:30.243, 41470, 46068, 96, 289.67
2026/09/23 17:38:31.244, 41470, 46068, 95, 293.55
2026/09/23 17:38:32.246, 41470, 46068, 97, 286.88
2026/09/23 17:38:33.247, 41470, 46068, 95, 275.81
2026/09/23 17:38:34.249, 41470, 46068, 96, 281.30
2026/09/23 17:38:35.250, 41470, 46068, 95, 297.82
2026/09/23 17:38:36.252, 41470, 46068, 95, 270.94
2026/09/23 17:38:37.253, 41470, 46068, 96, 279.71
2026/09/23 17:38:38.255, 41470, 46068, 95, 270.20
2026/09/23 17:38:39.257, 41470, 46068, 96, 288.31
2026/09/23 17:38:40.258, 41470, 46068, 95, 285.06
2026/09/23 17:38:41.260, 41470, 46068, 93, 270.91
2026/09/23 17:38:42.261, 41470, 46068, 96, 296.19
2026/09/23 17:38:43.263, 41470, 46068, 97, 271.28
2026/09/23 17:38:44.265, 41470, 46068, 96, 269.29
2026/09/23 17:38:45.267, 41470, 46068, 97, 305.06
2026/09/23 17:38:46.269, 41470, 46068, 95, 281.53
2026/09/23 17:38:47.271, 41470, 46068, 95, 284.77
2026/09/23 17:38:48.272, 41470, 46068, 96, 269.24
2026/09/23 17:38:49.273, 41470, 46068, 95, 283.32
2026/09/23 17:38:50.275, 41470, 46068, 96, 284.84
2026/09/23 17:38:51.277, 41470, 46068, 95, 271.86
2026/09/23 17:38:52.278, 41470, 46068, 96, 291.64
2026/09/23 17:38:53.279, 41470, 46068, 95, 295.84
2026/09/23 17:38:54.280, 41470, 46068, 96, 290.01
2026/09/23 17:38:55.281, 41470, 46068, 96, 280.01
2026/09/23 17:38:56.282, 41470, 46068, 96, 284.42
2026/09/23 17:38:57.284, 41470, 46068, 96, 282.97
2026/09/23 17:38:58.285, 41470, 46068, 95, 267.61
2026/09/23 17:38:59.287, 41470, 46068, 96, 276.61
2026/09/23 17:39:00.288, 41470, 46068, 95, 292.95
2026/09/23 17:39:01.289, 41470, 46068, 96, 293.80
2026/09/23 17:39:02.291, 41470, 46068, 95, 286.19
2026/09/23 17:39:03.292, 41470, 46068, 96, 272.33
2026/09/23 17:39:04.294, 41470, 46068, 96, 295.66
2026/09/23 17:39:05.295, 41470, 46068, 95, 272.28
2026/09/23 17:39:06.296, 41470, 46068, 96, 271.00
2026/09/23 17:39:07.298, 41470, 46068, 95, 281.06
2026/09/23 17:39:08.299, 41470, 46068, 96, 290.64
2026/09/23 17:39:09.301, 41470, 46068, 96, 284.24
2026/09/23 17:39:10.303, 41470, 46068, 95, 269.16
2026/09/23 17:39:11.307, 41470, 46068, 96, 293.52
2026/09/23 17:39:12.309, 41470, 46068, 94, 284.87
2026/09/23 17:39:13.311, 41470, 46068, 95, 272.54
2026/09/23 17:39:14.313, 41470, 46068, 96, 283.93
2026/09/23 17:39:15.314, 41470, 46068, 95, 293.50
2026/09/23 17:39:16.316, 41470, 46068, 96, 290.04
2026/09/23 17:39:17.318, 41470, 46068, 95, 283.44
2026/09/23 17:39:18.319, 41470, 46068, 96, 283.43
2026/09/23 17:39:19.320, 41470, 46068, 96, 286.23
2026/09/23 17:39:20.322, 41470, 46068, 96, 270.87
2026/09/23 17:39:21.323, 41470, 46068, 97, 272.39
2026/09/23 17:39:22.325, 41470, 46068, 96, 280.96
2026/09/23 17:39:23.327, 41470, 46068, 96, 288.14
2026/09/23 17:39:24.328, 41470, 46068, 95, 281.99
2026/09/23 17:39:25.330, 41470, 46068, 96, 275.04
2026/09/23 17:39:26.332, 41470, 46068, 95, 298.11
2026/09/23 17:39:27.333, 41470, 46068, 96, 283.36
2026/09/23 17:39:28.335, 41470, 46068, 96, 267.33
2026/09/23 17:39:29.336, 41470, 46068, 95, 279.95
2026/09/23 17:39:30.338, 41470, 46068, 95, 287.42
2026/09/23 17:39:31.339, 41470, 46068, 95, 283.24
2026/09/23 17:39:32.340, 41470, 46068, 97, 276.09
2026/09/23 17:39:33.342, 41470, 46068, 96, 270.41
2026/09/23 17:39:34.344, 41470, 46068, 96, 293.24
2026/09/23 17:39:35.345, 41470, 46068, 97, 276.21
2026/09/23 17:39:36.346, 41470, 46068, 96, 273.27
2026/09/23 17:39:37.347, 41470, 46068, 96, 285.87
2026/09/23 17:39:38.349, 41470, 46068, 95, 284.42
2026/09/23 17:39:39.350, 41470, 46068, 95, 289.27
2026/09/23 17:39:40.351, 41470, 46068, 95, 277.72
2026/09/23 17:39:41.353, 41470, 46068, 95, 286.95
2026/09/23 17:39:42.355, 41470, 46068, 95, 284.19
2026/09/23 17:39:43.356, 41470, 46068, 0, 114.87
2026/09/23 17:39:44.357, 41470, 46068, 0, 95.19
2026/09/23 17:39:45.359, 41470, 46068, 0, 94.68
2026/09/23 17:39:46.368, 41470, 46068, 0, 94.15
2026/09/23 17:39:47.369, 41470, 46068, 96, 256.77
2026/09/23 17:39:48.370, 41470, 46068, 97, 259.30
2026/09/23 17:39:49.372, 41470, 46068, 97, 280.28
2026/09/23 17:39:50.373, 41470, 46068, 95, 276.18
2026/09/23 17:39:51.374, 41472, 46068, 95, 297.52
2026/09/23 17:39:52.376, 41472, 46068, 96, 305.62
2026/09/23 17:39:53.377, 41472, 46068, 97, 304.59
2026/09/23 17:39:54.379, 41472, 46068, 95, 287.62
2026/09/23 17:39:55.380, 41472, 46068, 95, 322.99
2026/09/23 17:39:56.382, 41472, 46068, 96, 289.98
2026/09/23 17:39:57.384, 41472, 46068, 95, 316.03
2026/09/23 17:39:58.386, 41472, 46068, 95, 320.93
2026/09/23 17:39:59.388, 41472, 46068, 95, 329.21
2026/09/23 17:40:00.390, 41472, 46068, 96, 313.00
2026/09/23 17:40:01.392, 41472, 46068, 97, 310.56
2026/09/23 17:40:02.394, 41472, 46068, 95, 298.05
2026/09/23 17:40:03.396, 41472, 46068, 95, 337.58
2026/09/23 17:40:04.397, 41472, 46068, 95, 317.96
2026/09/23 17:40:05.398, 41472, 46068, 95, 328.50
2026/09/23 17:40:06.400, 41472, 46068, 96, 317.54
2026/09/23 17:40:07.401, 41472, 46068, 96, 323.99
2026/09/23 17:40:08.407, 41472, 46068, 95, 315.03
2026/09/23 17:40:09.409, 41472, 46068, 95, 322.82
2026/09/23 17:40:10.410, 41472, 46068, 95, 318.83
2026/09/23 17:40:11.412, 41472, 46068, 98, 335.66
2026/09/23 17:40:12.413, 41472, 46068, 98, 344.30
2026/09/23 17:40:13.415, 41472, 46068, 95, 328.32
2026/09/23 17:40:14.420, 41472, 46068, 95, 317.41
2026/09/23 17:40:15.421, 41472, 46068, 95, 326.32
2026/09/23 17:40:16.423, 41472, 46068, 97, 317.16
2026/09/23 17:40:17.425, 41472, 46068, 96, 323.58
2026/09/23 17:40:18.427, 41472, 46068, 96, 325.70
2026/09/23 17:40:19.428, 41472, 46068, 95, 325.67
2026/09/23 17:40:20.429, 41472, 46068, 95, 309.09
2026/09/23 17:40:21.431, 41472, 46068, 95, 333.45
2026/09/23 17:40:22.433, 41472, 46068, 96, 327.77
2026/09/23 17:40:23.435, 41472, 46068, 96, 313.47
2026/09/23 17:40:24.437, 41472, 46068, 95, 323.45
2026/09/23 17:40:25.439, 41472, 46068, 95, 311.23
2026/09/23 17:40:26.441, 41472, 46068, 95, 324.00
2026/09/23 17:40:27.443, 41472, 46068, 96, 313.61
2026/09/23 17:40:28.444, 41472, 46068, 96, 316.93
2026/09/23 17:40:29.446, 41472, 46068, 95, 307.30
2026/09/23 17:40:30.448, 41472, 46068, 95, 323.34
2026/09/23 17:40:31.450, 41472, 46068, 95, 338.01
2026/09/23 17:40:32.451, 41472, 46068, 96, 309.00
2026/09/23 17:40:33.453, 41472, 46068, 95, 324.01
2026/09/23 17:40:34.455, 41472, 46068, 96, 343.54
2026/09/23 17:40:35.456, 41472, 46068, 96, 331.59
2026/09/23 17:40:36.458, 41472, 46068, 95, 313.21
2026/09/23 17:40:37.460, 41472, 46068, 96, 325.85
2026/09/23 17:40:38.461, 41472, 46068, 94, 317.57
2026/09/23 17:40:39.463, 41472, 46068, 96, 322.03
2026/09/23 17:40:40.465, 41472, 46068, 95, 330.52
2026/09/23 17:40:41.467, 41472, 46068, 97, 331.82
2026/09/23 17:40:42.468, 41472, 46068, 98, 313.18
2026/09/23 17:40:43.469, 41472, 46068, 96, 321.99
2026/09/23 17:40:44.471, 41472, 46068, 95, 314.82
2026/09/23 17:40:45.473, 41472, 46068, 95, 309.25
2026/09/23 17:40:46.474, 41472, 46068, 95, 311.22
2026/09/23 17:40:47.475, 41472, 46068, 95, 331.37
2026/09/23 17:40:48.476, 41472, 46068, 95, 324.22
2026/09/23 17:40:49.478, 41472, 46068, 95, 333.70
2026/09/23 17:40:50.479, 41472, 46068, 95, 332.14
2026/09/23 17:40:51.480, 41472, 46068, 97, 327.06
2026/09/23 17:40:52.481, 41472, 46068, 98, 311.84
2026/09/23 17:40:53.483, 41472, 46068, 96, 321.61
2026/09/23 17:40:54.485, 41472, 46068, 96, 337.70
2026/09/23 17:40:55.486, 41472, 46068, 95, 330.27
2026/09/23 17:40:56.487, 41472, 46068, 96, 317.03
2026/09/23 17:40:57.488, 41472, 46068, 95, 326.22
2026/09/23 17:40:58.490, 41472, 46068, 97, 332.14
2026/09/23 17:40:59.491, 41472, 46068, 95, 325.29
2026/09/23 17:41:00.492, 41472, 46068, 98, 319.72
2026/09/23 17:41:01.493, 41472, 46068, 96, 323.31
2026/09/23 17:41:02.495, 41472, 46068, 95, 306.19
2026/09/23 17:41:03.496, 41472, 46068, 96, 320.83
2026/09/23 17:41:04.497, 41472, 46068, 95, 337.71
2026/09/23 17:41:05.499, 41472, 46068, 95, 321.69
2026/09/23 17:41:06.500, 41472, 46068, 95, 317.42
2026/09/23 17:41:07.501, 41472, 46068, 96, 335.66
2026/09/23 17:41:08.503, 41472, 46068, 96, 333.62
2026/09/23 17:41:09.504, 41472, 46068, 95, 317.24
2026/09/23 17:41:10.505, 41472, 46068, 95, 322.71
2026/09/23 17:41:11.507, 41472, 46068, 96, 315.20
2026/09/23 17:41:12.509, 41472, 46068, 97, 314.62
2026/09/23 17:41:13.510, 41472, 46068, 96, 324.44
2026/09/23 17:41:14.512, 41472, 46068, 95, 343.57
2026/09/23 17:41:15.513, 41472, 46068, 95, 327.48
2026/09/23 17:41:16.514, 41472, 46068, 97, 317.52
2026/09/23 17:41:17.516, 41472, 46068, 96, 320.40
2026/09/23 17:41:18.517, 41472, 46068, 96, 329.22
2026/09/23 17:41:19.518, 41472, 46068, 96, 323.83
2026/09/23 17:41:20.520, 41472, 46068, 95, 324.87
2026/09/23 17:41:21.521, 41472, 46068, 96, 323.07
2026/09/23 17:41:22.522, 41472, 46068, 97, 326.32
2026/09/23 17:41:23.524, 41472, 46068, 96, 313.59
2026/09/23 17:41:24.525, 41472, 46068, 97, 327.97
2026/09/23 17:41:25.526, 41472, 46068, 96, 342.79
2026/09/23 17:41:26.528, 41472, 46068, 96, 318.08
2026/09/23 17:41:27.530, 41472, 46068, 96, 325.97
2026/09/23 17:41:28.531, 41472, 46068, 98, 328.16
2026/09/23 17:41:29.533, 41472, 46068, 96, 328.93
2026/09/23 17:41:30.535, 41472, 46068, 96, 312.63
2026/09/23 17:41:31.537, 41472, 46068, 96, 332.63
2026/09/23 17:41:32.539, 41472, 46068, 96, 324.99
2026/09/23 17:41:33.540, 41472, 46068, 94, 330.32
2026/09/23 17:41:34.541, 41472, 46068, 96, 333.37
2026/09/23 17:41:35.542, 41472, 46068, 95, 335.98
2026/09/23 17:41:36.544, 41472, 46068, 96, 321.28
2026/09/23 17:41:37.546, 41472, 46068, 96, 312.33
2026/09/23 17:41:38.548, 41472, 46068, 98, 319.45
2026/09/23 17:41:39.549, 41472, 46068, 96, 326.11
2026/09/23 17:41:40.550, 41472, 46068, 96, 308.13
2026/09/23 17:41:41.552, 41472, 46068, 94, 301.05
2026/09/23 17:41:42.553, 41472, 46068, 95, 322.79
2026/09/23 17:41:43.555, 41472, 46068, 94, 321.71
2026/09/23 17:41:44.557, 41472, 46068, 97, 330.54
2026/09/23 17:41:45.559, 41472, 46068, 96, 334.74
2026/09/23 17:41:46.560, 41472, 46068, 96, 334.57
2026/09/23 17:41:47.561, 41472, 46068, 94, 305.44
2026/09/23 17:41:48.563, 41472, 46068, 96, 314.48
2026/09/23 17:41:49.564, 41472, 46068, 94, 326.31
2026/09/23 17:41:50.566, 41472, 46068, 96, 332.43
2026/09/23 17:41:51.567, 41472, 46068, 96, 324.75
2026/09/23 17:41:52.568, 41472, 46068, 95, 309.42
2026/09/23 17:41:53.570, 41472, 46068, 96, 334.42
2026/09/23 17:41:54.571, 41472, 46068, 96, 325.27
2026/09/23 17:41:55.572, 41472, 46068, 96, 327.49
2026/09/23 17:41:56.573, 41472, 46068, 96, 328.77
2026/09/23 17:41:57.575, 41472, 46068, 95, 322.94
2026/09/23 17:41:58.576, 41472, 46068, 96, 316.97
2026/09/23 17:41:59.578, 41472, 46068, 94, 327.31
2026/09/23 17:42:00.580, 41472, 46068, 95, 313.31
2026/09/23 17:42:01.581, 41472, 46068, 94, 337.13
2026/09/23 17:42:02.583, 41472, 46068, 95, 326.89
2026/09/23 17:42:03.584, 41472, 46068, 96, 327.20
2026/09/23 17:42:04.586, 41472, 46068, 94, 332.22
2026/09/23 17:42:05.587, 41472, 46068, 96, 317.07
2026/09/23 17:42:06.589, 41472, 46068, 96, 325.67
2026/09/23 17:42:07.654, 41472, 46068, 51, 307.57
2026/09/23 17:42:08.668, 41472, 46068, 95, 289.15
2026/09/23 17:42:09.669, 41472, 46068, 95, 313.70
2026/09/23 17:42:10.671, 41472, 46068, 95, 338.98
2026/09/23 17:42:11.672, 41472, 46068, 92, 330.59
2026/09/23 17:42:12.674, 41472, 46068, 96, 322.79
2026/09/23 17:42:13.676, 41472, 46068, 95, 329.86
2026/09/23 17:42:14.677, 41472, 46068, 95, 335.72
2026/09/23 17:42:15.679, 41472, 46068, 96, 329.52
2026/09/23 17:42:16.680, 41472, 46068, 96, 314.97
2026/09/23 17:42:17.681, 41472, 46068, 94, 322.65
2026/09/23 17:42:18.682, 41472, 46068, 96, 308.51
2026/09/23 17:42:19.683, 41472, 46068, 98, 314.64
2026/09/23 17:42:20.685, 41472, 46068, 97, 318.74
2026/09/23 17:42:21.687, 41472, 46068, 98, 333.08
2026/09/23 17:42:22.688, 41472, 46068, 98, 335.75
2026/09/23 17:42:23.690, 41472, 46068, 96, 319.86
2026/09/23 17:42:24.691, 41472, 46068, 98, 334.91
2026/09/23 17:42:25.693, 41472, 46068, 96, 349.42
2026/09/23 17:42:26.695, 41472, 46068, 95, 330.15
2026/09/23 17:42:27.696, 41472, 46068, 96, 317.02
2026/09/23 17:42:28.698, 41472, 46068, 95, 325.39
2026/09/23 17:42:29.699, 41472, 46068, 96, 311.52
2026/09/23 17:42:30.703, 41472, 46068, 95, 321.27
2026/09/23 17:42:31.705, 41472, 46068, 96, 323.24
2026/09/23 17:42:32.707, 41472, 46068, 96, 332.11
2026/09/23 17:42:33.708, 41472, 46068, 98, 332.40
2026/09/23 17:42:34.709, 41472, 46068, 96, 316.86
2026/09/23 17:42:35.711, 41472, 46068, 94, 339.47
2026/09/23 17:42:36.712, 41472, 46068, 96, 342.67
2026/09/23 17:42:37.714, 41472, 46068, 96, 335.89
2026/09/23 17:42:38.716, 41472, 46068, 96, 310.82
2026/09/23 17:42:39.717, 41472, 46068, 96, 327.34
2026/09/23 17:42:40.718, 41472, 46068, 98, 321.49
2026/09/23 17:42:41.719, 41472, 46068, 96, 312.65
2026/09/23 17:42:42.720, 41472, 46068, 97, 317.59
2026/09/23 17:42:43.722, 41472, 46068, 98, 328.95
2026/09/23 17:42:44.724, 41472, 46068, 96, 322.00
2026/09/23 17:42:45.726, 41472, 46068, 96, 324.86
2026/09/23 17:42:46.730, 41472, 46068, 96, 322.39
2026/09/23 17:42:47.731, 41472, 46068, 96, 318.14
2026/09/23 17:42:48.733, 41472, 46068, 96, 338.17
2026/09/23 17:42:49.737, 41472, 46068, 98, 320.39
2026/09/23 17:42:50.738, 41472, 46068, 94, 329.74
2026/09/23 17:42:51.739, 41472, 46068, 94, 315.30
2026/09/23 17:42:52.741, 41472, 46068, 96, 310.20
2026/09/23 17:42:53.743, 41472, 46068, 98, 321.96
2026/09/23 17:42:54.744, 41472, 46068, 96, 333.47
2026/09/23 17:42:55.746, 41472, 46068, 96, 345.19
2026/09/23 17:42:56.747, 41472, 46068, 94, 312.04
2026/09/23 17:42:57.748, 41472, 46068, 96, 334.94
2026/09/23 17:42:58.749, 41472, 46068, 96, 340.09
2026/09/23 17:42:59.751, 41472, 46068, 96, 321.08
2026/09/23 17:43:00.752, 41472, 46068, 95, 322.18
2026/09/23 17:43:01.753, 41472, 46068, 95, 328.74
2026/09/23 17:43:02.754, 41472, 46068, 98, 317.82
2026/09/23 17:43:03.756, 41472, 46068, 96, 328.97
2026/09/23 17:43:04.757, 41472, 46068, 96, 327.15
2026/09/23 17:43:05.758, 41472, 46068, 96, 337.79
2026/09/23 17:43:06.760, 41472, 46068, 95, 328.89
2026/09/23 17:43:07.762, 41472, 46068, 97, 303.75
2026/09/23 17:43:08.763, 41472, 46068, 96, 336.33
2026/09/23 17:43:09.764, 41472, 46068, 96, 343.51
2026/09/23 17:43:10.766, 41472, 46068, 97, 333.01
2026/09/23 17:43:11.769, 41472, 46068, 96, 316.83
2026/09/23 17:43:12.770, 41472, 46068, 96, 326.85
2026/09/23 17:43:13.772, 41472, 46068, 94, 315.24
2026/09/23 17:43:14.774, 41472, 46068, 94, 321.34
2026/09/23 17:43:15.776, 41472, 46068, 96, 310.12
2026/09/23 17:43:16.777, 41472, 46068, 96, 323.59
2026/09/23 17:43:17.779, 41472, 46068, 98, 338.28
2026/09/23 17:43:18.781, 41472, 46068, 96, 316.98
2026/09/23 17:43:19.783, 41472, 46068, 96, 329.00
2026/09/23 17:43:20.784, 41472, 46068, 96, 339.79
2026/09/23 17:43:21.786, 41472, 46068, 95, 339.91
2026/09/23 17:43:22.787, 41472, 46068, 96, 319.02
2026/09/23 17:43:23.789, 41472, 46068, 96, 328.92
2026/09/23 17:43:24.791, 41472, 46068, 98, 316.90
2026/09/23 17:43:25.792, 41472, 46068, 96, 321.68
2026/09/23 17:43:26.794, 41472, 46068, 94, 310.60
2026/09/23 17:43:27.796, 41472, 46068, 0, 118.31
2026/09/23 17:43:28.798, 41472, 46068, 0, 100.77
2026/09/23 17:43:29.800, 41472, 46068, 0, 100.35
2026/09/23 17:43:30.802, 41472, 46068, 0, 99.85
2026/09/23 17:43:31.803, 41472, 46068, 0, 98.76
2026/09/23 17:43:32.805, 41472, 46068, 0, 98.00
2026/09/23 17:43:33.807, 41472, 46068, 97, 244.68
2026/09/23 17:43:34.808, 41472, 46068, 96, 288.88
2026/09/23 17:43:35.809, 41472, 46068, 95, 285.69
2026/09/23 17:43:36.812, 41472, 46068, 96, 290.51
2026/09/23 17:43:37.814, 41472, 46068, 96, 308.64
2026/09/23 17:43:38.815, 41472, 46068, 96, 308.30
2026/09/23 17:43:39.817, 41472, 46068, 97, 292.00
2026/09/23 17:43:40.818, 41472, 46068, 95, 312.48
2026/09/23 17:43:41.820, 41472, 46068, 95, 309.20
2026/09/23 17:43:42.822, 41472, 46068, 95, 329.85
2026/09/23 17:43:43.824, 41472, 46068, 98, 336.54
2026/09/23 17:43:44.825, 41472, 46068, 97, 323.95
2026/09/23 17:43:45.827, 41472, 46068, 95, 319.86
2026/09/23 17:43:46.829, 41472, 46068, 96, 328.94
2026/09/23 17:43:47.831, 41472, 46068, 94, 321.02
2026/09/23 17:43:48.833, 41472, 46068, 95, 325.49
2026/09/23 17:43:49.835, 41472, 46068, 96, 318.31
2026/09/23 17:43:50.836, 41472, 46068, 95, 316.52
2026/09/23 17:43:51.838, 41472, 46068, 95, 341.48
2026/09/23 17:43:52.839, 41472, 46068, 100, 328.12
2026/09/23 17:43:53.840, 41472, 46068, 95, 321.01
2026/09/23 17:43:54.841, 41472, 46068, 96, 322.08
2026/09/23 17:43:55.843, 41472, 46068, 94, 331.31
2026/09/23 17:43:56.844, 41472, 46068, 97, 326.68
2026/09/23 17:43:57.846, 41472, 46068, 97, 311.90
2026/09/23 17:43:58.848, 41472, 46068, 97, 323.93
2026/09/23 17:43:59.849, 41472, 46068, 95, 333.23
2026/09/23 17:44:00.851, 41472, 46068, 97, 317.99
2026/09/23 17:44:01.853, 41472, 46068, 97, 341.79
2026/09/23 17:44:02.855, 41472, 46068, 95, 344.10
2026/09/23 17:44:03.857, 41472, 46068, 94, 335.53
2026/09/23 17:44:04.858, 41472, 46068, 95, 340.44
2026/09/23 17:44:05.860, 41472, 46068, 97, 318.56
2026/09/23 17:44:06.861, 41472, 46068, 97, 331.54
2026/09/23 17:44:07.864, 41472, 46068, 95, 323.53
2026/09/23 17:44:08.866, 41472, 46068, 95, 327.55
2026/09/23 17:44:09.868, 41472, 46068, 96, 334.33
2026/09/23 17:44:10.870, 41472, 46068, 97, 330.31
2026/09/23 17:44:11.872, 41472, 46068, 97, 327.58
2026/09/23 17:44:12.875, 41472, 46068, 97, 325.33
2026/09/23 17:44:13.877, 41472, 46068, 95, 319.49
2026/09/23 17:44:14.878, 41472, 46068, 95, 332.84
2026/09/23 17:44:15.879, 41472, 46068, 95, 321.53
2026/09/23 17:44:16.881, 41472, 46068, 95, 318.47
2026/09/23 17:44:17.883, 41472, 46068, 95, 337.17
2026/09/23 17:44:18.885, 41472, 46068, 98, 331.89
2026/09/23 17:44:19.887, 41472, 46068, 95, 343.80
2026/09/23 17:44:20.888, 41472, 46068, 97, 340.28
2026/09/23 17:44:21.890, 41472, 46068, 95, 327.02
2026/09/23 17:44:22.891, 41472, 46068, 95, 322.76
2026/09/23 17:44:23.892, 41472, 46068, 93, 331.53
2026/09/23 17:44:24.894, 41472, 46068, 92, 318.29
2026/09/23 17:44:25.896, 41472, 46068, 95, 321.96
2026/09/23 17:44:26.897, 41472, 46068, 95, 331.34
2026/09/23 17:44:27.899, 41472, 46068, 96, 329.64
2026/09/23 17:44:28.900, 41472, 46068, 98, 331.37
2026/09/23 17:44:29.902, 41472, 46068, 95, 335.76
2026/09/23 17:44:30.904, 41472, 46068, 94, 328.04
2026/09/23 17:44:31.906, 41472, 46068, 95, 329.90
2026/09/23 17:44:32.907, 41472, 46068, 95, 325.63
2026/09/23 17:44:33.908, 41472, 46068, 95, 328.61
2026/09/23 17:44:34.909, 41472, 46068, 95, 334.70
2026/09/23 17:44:35.911, 41472, 46068, 95, 325.96
2026/09/23 17:44:36.912, 41472, 46068, 96, 323.26
2026/09/23 17:44:37.913, 41472, 46068, 97, 326.24
2026/09/23 17:44:38.914, 41472, 46068, 95, 336.26
2026/09/23 17:44:39.916, 41472, 46068, 95, 321.59
2026/09/23 17:44:40.918, 41472, 46068, 95, 329.76
2026/09/23 17:44:41.919, 41472, 46068, 95, 326.62
2026/09/23 17:44:42.921, 41472, 46068, 93, 331.16
2026/09/23 17:44:43.922, 41472, 46068, 95, 326.55
2026/09/23 17:44:44.924, 41472, 46068, 95, 329.02
2026/09/23 17:44:45.925, 41472, 46068, 98, 325.48
2026/09/23 17:44:46.927, 41472, 46068, 95, 330.32
2026/09/23 17:44:47.929, 41472, 46068, 97, 331.82
2026/09/23 17:44:48.931, 41472, 46068, 95, 320.05
2026/09/23 17:44:49.933, 41472, 46068, 98, 334.96
2026/09/23 17:44:50.934, 41472, 46068, 95, 311.76
2026/09/23 17:44:51.936, 41472, 46068, 98, 338.23
2026/09/23 17:44:52.937, 41472, 46068, 95, 330.80
2026/09/23 17:44:53.939, 41472, 46068, 97, 328.01
2026/09/23 17:44:54.941, 41472, 46068, 95, 328.27
2026/09/23 17:44:55.942, 41472, 46068, 98, 335.31
2026/09/23 17:44:56.943, 41472, 46068, 97, 315.30
2026/09/23 17:44:57.945, 41472, 46068, 97, 339.88
2026/09/23 17:44:58.946, 41472, 46068, 97, 335.92
2026/09/23 17:44:59.948, 41472, 46068, 97, 341.07
2026/09/23 17:45:00.950, 41472, 46068, 95, 322.37
2026/09/23 17:45:01.952, 41472, 46068, 97, 328.41
2026/09/23 17:45:02.953, 41472, 46068, 94, 328.24
2026/09/23 17:45:03.955, 41472, 46068, 95, 334.67
2026/09/23 17:45:04.957, 41472, 46068, 95, 317.11
2026/09/23 17:45:05.959, 41472, 46068, 95, 318.05
2026/09/23 17:45:06.961, 41472, 46068, 95, 345.69
2026/09/23 17:45:07.964, 41472, 46068, 95, 324.05
2026/09/23 17:45:08.965, 41472, 46068, 93, 324.07
2026/09/23 17:45:09.967, 41472, 46068, 95, 336.63
2026/09/23 17:45:10.969, 41472, 46068, 97, 334.62
2026/09/23 17:45:11.974, 41472, 46068, 98, 329.81
2026/09/23 17:45:12.976, 41472, 46068, 97, 317.32
2026/09/23 17:45:13.977, 41472, 46068, 93, 338.98
2026/09/23 17:45:14.978, 41472, 46068, 95, 320.74
2026/09/23 17:45:15.981, 41472, 46068, 97, 320.36
2026/09/23 17:45:16.982, 41472, 46068, 95, 323.95
2026/09/23 17:45:17.984, 41472, 46068, 95, 332.23
2026/09/23 17:45:18.986, 41472, 46068, 95, 318.96
2026/09/23 17:45:19.987, 41472, 46068, 95, 329.95
2026/09/23 17:45:20.989, 41472, 46068, 93, 321.18
2026/09/23 17:45:21.991, 41472, 46068, 95, 322.96
2026/09/23 17:45:22.992, 41472, 46068, 97, 338.37
2026/09/23 17:45:23.993, 41472, 46068, 96, 332.42
2026/09/23 17:45:24.995, 41472, 46068, 95, 330.08
2026/09/23 17:45:25.997, 41472, 46068, 97, 312.34
2026/09/23 17:45:26.999, 41472, 46068, 95, 316.47
2026/09/23 17:45:28.001, 41472, 46068, 98, 319.72
2026/09/23 17:45:29.002, 41472, 46068, 95, 316.30
2026/09/23 17:45:30.004, 41472, 46068, 95, 334.04
2026/09/23 17:45:31.005, 41472, 46068, 98, 324.23
2026/09/23 17:45:32.006, 41472, 46068, 94, 330.05
2026/09/23 17:45:33.008, 41472, 46068, 94, 329.36
2026/09/23 17:45:34.010, 41472, 46068, 97, 341.92
2026/09/23 17:45:35.011, 41472, 46068, 97, 334.71
2026/09/23 17:45:36.013, 41472, 46068, 97, 324.14
2026/09/23 17:45:37.014, 41472, 46068, 97, 336.26
2026/09/23 17:45:38.015, 41472, 46068, 94, 326.62
2026/09/23 17:45:39.017, 41472, 46068, 95, 329.54
2026/09/23 17:45:40.018, 41472, 46068, 97, 332.89
2026/09/23 17:45:41.019, 41472, 46068, 98, 321.59
2026/09/23 17:45:42.022, 41472, 46068, 94, 326.92
2026/09/23 17:45:43.024, 41472, 46068, 97, 321.86
2026/09/23 17:45:44.026, 41472, 46068, 97, 313.53
2026/09/23 17:45:45.028, 41472, 46068, 96, 318.96
2026/09/23 17:45:46.030, 41472, 46068, 94, 318.05
2026/09/23 17:45:47.031, 41472, 46068, 95, 334.62
2026/09/23 17:45:48.033, 41472, 46068, 98, 319.10
2026/09/23 17:45:49.034, 41472, 46068, 97, 320.93
2026/09/23 17:45:50.035, 41472, 46068, 97, 315.34
2026/09/23 17:45:51.037, 41472, 46068, 95, 333.02
2026/09/23 17:45:52.038, 41472, 46068, 97, 333.49
2026/09/23 17:45:53.039, 41472, 46068, 95, 332.61
2026/09/23 17:45:54.040, 41472, 46068, 97, 320.92
2026/09/23 17:45:55.042, 41472, 46068, 96, 315.48
2026/09/23 17:45:56.044, 41472, 46068, 98, 328.31
2026/09/23 17:45:57.046, 41472, 46068, 95, 324.65
2026/09/23 17:45:58.047, 41472, 46068, 94, 328.34
2026/09/23 17:45:59.049, 41472, 46068, 97, 332.46
2026/09/23 17:46:00.050, 41472, 46068, 95, 318.03
2026/09/23 17:46:01.052, 41472, 46068, 97, 313.54
2026/09/23 17:46:02.053, 41472, 46068, 98, 317.73
2026/09/23 17:46:03.054, 41472, 46068, 97, 326.78
2026/09/23 17:46:04.057, 41472, 46068, 97, 326.98
2026/09/23 17:46:05.058, 41472, 46068, 96, 327.98
2026/09/23 17:46:06.060, 41472, 46068, 95, 331.48
2026/09/23 17:46:07.061, 41472, 46068, 95, 332.90
2026/09/23 17:46:08.062, 41472, 46068, 97, 330.52
2026/09/23 17:46:09.063, 41472, 46068, 98, 332.71
2026/09/23 17:46:10.064, 41472, 46068, 95, 332.30
2026/09/23 17:46:11.065, 41472, 46068, 97, 330.23
2026/09/23 17:46:12.067, 41472, 46068, 97, 328.11
2026/09/23 17:46:13.068, 41472, 46068, 95, 317.94
2026/09/23 17:46:14.069, 41472, 46068, 97, 319.47
2026/09/23 17:46:15.071, 41472, 46068, 95, 326.12
2026/09/23 17:46:16.072, 41472, 46068, 94, 320.11
2026/09/23 17:46:17.074, 41472, 46068, 97, 344.94
2026/09/23 17:46:18.075, 41472, 46068, 94, 336.14
2026/09/23 17:46:19.077, 41472, 46068, 95, 334.50
2026/09/23 17:46:20.079, 41472, 46068, 98, 325.07
2026/09/23 17:46:21.081, 41472, 46068, 95, 334.31
2026/09/23 17:46:22.083, 41472, 46068, 97, 320.11
2026/09/23 17:46:23.085, 41472, 46068, 97, 324.32
2026/09/23 17:46:24.086, 41472, 46068, 97, 327.54
2026/09/23 17:46:25.088, 41472, 46068, 97, 327.54
2026/09/23 17:46:26.090, 41472, 46068, 100, 321.35
2026/09/23 17:46:27.092, 41472, 46068, 97, 332.02
2026/09/23 17:46:28.093, 41472, 46068, 97, 336.20
2026/09/23 17:46:29.094, 41472, 46068, 95, 327.67
2026/09/23 17:46:30.095, 41472, 46068, 97, 335.72
2026/09/23 17:46:31.097, 41472, 46068, 94, 327.94
2026/09/23 17:46:32.099, 41472, 46068, 95, 320.76
2026/09/23 17:46:33.100, 41472, 46068, 95, 340.53
2026/09/23 17:46:34.102, 41472, 46068, 97, 332.66
2026/09/23 17:46:35.104, 41472, 46068, 95, 330.98
2026/09/23 17:46:36.105, 41472, 46068, 97, 339.50
2026/09/23 17:46:37.106, 41472, 46068, 96, 332.29
2026/09/23 17:46:38.108, 41472, 46068, 95, 328.27
2026/09/23 17:46:39.109, 41472, 46068, 95, 329.40
2026/09/23 17:46:40.111, 41472, 46068, 95, 326.10
2026/09/23 17:46:41.112, 41472, 46068, 95, 319.49
2026/09/23 17:46:42.114, 41472, 46068, 94, 330.86
2026/09/23 17:46:43.116, 41472, 46068, 97, 325.97
2026/09/23 17:46:44.118, 41472, 46068, 94, 331.16
2026/09/23 17:46:45.119, 41472, 46068, 95, 322.21
2026/09/23 17:46:46.121, 41472, 46068, 97, 333.03
2026/09/23 17:46:47.122, 41472, 46068, 95, 326.63
2026/09/23 17:46:48.123, 41472, 46068, 97, 322.01
2026/09/23 17:46:49.125, 41472, 46068, 97, 343.34
2026/09/23 17:46:50.126, 41472, 46068, 95, 327.68
2026/09/23 17:46:51.127, 41472, 46068, 97, 321.74
2026/09/23 17:46:52.129, 41472, 46068, 94, 322.94
2026/09/23 17:46:53.131, 41472, 46068, 97, 328.57
2026/09/23 17:46:54.132, 41472, 46068, 94, 332.11
2026/09/23 17:46:55.134, 41472, 46068, 95, 316.36
2026/09/23 17:46:56.135, 41472, 46068, 95, 341.01
2026/09/23 17:46:57.136, 41472, 46068, 97, 334.34
2026/09/23 17:46:58.138, 41472, 46068, 97, 324.52
2026/09/23 17:46:59.139, 41472, 46068, 97, 314.00
2026/09/23 17:47:00.141, 41472, 46068, 97, 334.27
2026/09/23 17:47:01.142, 41472, 46068, 98, 330.03
2026/09/23 17:47:02.144, 41472, 46068, 95, 338.25
2026/09/23 17:47:03.146, 41472, 46068, 94, 321.23
2026/09/23 17:47:04.147, 41472, 46068, 97, 321.78
2026/09/23 17:47:05.148, 41472, 46068, 95, 335.80
2026/09/23 17:47:06.150, 41472, 46068, 94, 326.00
2026/09/23 17:47:07.151, 41472, 46068, 97, 311.07
2026/09/23 17:47:08.153, 41472, 46068, 95, 315.77
2026/09/23 17:47:09.154, 41472, 46068, 97, 321.23
2026/09/23 17:47:10.155, 41472, 46068, 97, 314.32
2026/09/23 17:47:11.156, 41472, 46068, 97, 336.43
2026/09/23 17:47:12.157, 41472, 46068, 94, 324.89
2026/09/23 17:47:13.158, 41472, 46068, 95, 339.27
2026/09/23 17:47:14.160, 41472, 46068, 95, 331.55
2026/09/23 17:47:15.162, 41472, 46068, 95, 331.27
2026/09/23 17:47:16.163, 41472, 46068, 95, 325.35
2026/09/23 17:47:17.164, 41472, 46068, 94, 331.05
2026/09/23 17:47:18.165, 41472, 46068, 97, 329.42
2026/09/23 17:47:19.167, 41472, 46068, 95, 329.42
2026/09/23 17:47:20.168, 41472, 46068, 95, 322.97
2026/09/23 17:47:21.170, 41472, 46068, 95, 323.23
2026/09/23 17:47:22.171, 41472, 46068, 100, 337.07
2026/09/23 17:47:23.172, 41472, 46068, 95, 317.00
2026/09/23 17:47:24.174, 41472, 46068, 95, 331.50
2026/09/23 17:47:25.175, 41472, 46068, 97, 332.41
2026/09/23 17:47:26.177, 41472, 46068, 97, 331.38
2026/09/23 17:47:27.178, 41472, 46068, 94, 329.81
2026/09/23 17:47:28.180, 41472, 46068, 95, 325.47
2026/09/23 17:47:29.182, 41472, 46068, 98, 335.43
2026/09/23 17:47:30.184, 41472, 46068, 97, 329.08
2026/09/23 17:47:31.185, 41472, 46068, 98, 324.90
2026/09/23 17:47:32.188, 41472, 46068, 94, 340.90
2026/09/23 17:47:33.190, 41472, 46068, 95, 331.34
2026/09/23 17:47:34.191, 41472, 46068, 95, 330.68
2026/09/23 17:47:35.192, 41472, 46068, 95, 322.05
2026/09/23 17:47:36.193, 41472, 46068, 95, 335.42
2026/09/23 17:47:37.195, 41472, 46068, 97, 328.72
2026/09/23 17:47:38.196, 41472, 46068, 95, 335.14
2026/09/23 17:47:39.197, 41472, 46068, 97, 318.02
2026/09/23 17:47:40.199, 41472, 46068, 97, 330.83
2026/09/23 17:47:41.201, 41472, 46068, 95, 341.64
2026/09/23 17:47:42.202, 41472, 46068, 100, 339.90
2026/09/23 17:47:43.203, 41472, 46068, 97, 345.67
2026/09/23 17:47:44.205, 41472, 46068, 95, 331.68
2026/09/23 17:47:45.207, 41472, 46068, 97, 325.32
2026/09/23 17:47:46.208, 41472, 46068, 97, 324.96
2026/09/23 17:47:47.210, 41472, 46068, 97, 324.94
2026/09/23 17:47:48.212, 41472, 46068, 93, 315.63
2026/09/23 17:47:49.213, 41472, 46068, 95, 336.31
2026/09/23 17:47:50.214, 41472, 46068, 99, 333.81
2026/09/23 17:47:51.216, 41472, 46068, 98, 327.81
2026/09/23 17:47:52.218, 41472, 46068, 97, 330.73
2026/09/23 17:47:53.219, 41472, 46068, 96, 328.45
2026/09/23 17:47:54.221, 41472, 46068, 95, 338.90
2026/09/23 17:47:55.222, 41472, 46068, 95, 321.80
2026/09/23 17:47:56.223, 41472, 46068, 95, 333.81
2026/09/23 17:47:57.224, 41472, 46068, 95, 329.06
2026/09/23 17:47:58.226, 41472, 46068, 98, 322.31
2026/09/23 17:47:59.228, 41472, 46068, 95, 324.73
2026/09/23 17:48:00.230, 41472, 46068, 97, 330.52
2026/09/23 17:48:01.232, 41472, 46068, 95, 333.26
2026/09/23 17:48:02.233, 41472, 46068, 95, 312.82
2026/09/23 17:48:03.234, 41472, 46068, 95, 335.55
2026/09/23 17:48:04.235, 41472, 46068, 95, 331.87
2026/09/23 17:48:05.236, 41472, 46068, 96, 326.97
2026/09/23 17:48:06.238, 41472, 46068, 97, 317.08
2026/09/23 17:48:07.240, 41472, 46068, 97, 328.97
2026/09/23 17:48:08.242, 41472, 46068, 98, 326.01
2026/09/23 17:48:09.244, 41472, 46068, 0, 146.00
2026/09/23 17:48:10.246, 41472, 46068, 0, 130.07
2026/09/23 17:48:11.247, 41472, 46068, 0, 102.61
2026/09/23 17:48:12.248, 41472, 46068, 0, 101.39
2026/09/23 17:48:13.250, 41472, 46068, 0, 100.55
2026/09/23 17:48:14.251, 41472, 46068, 0, 100.11
2026/09/23 17:48:15.253, 41472, 46068, 0, 99.69
2026/09/23 17:48:16.254, 41472, 46068, 0, 98.88
2026/09/23 17:48:17.256, 41472, 46068, 0, 98.64
2026/09/23 17:48:18.257, 41472, 46068, 95, 173.72
2026/09/23 17:48:19.259, 41472, 46068, 97, 286.37
2026/09/23 17:48:20.261, 41472, 46068, 96, 302.08
2026/09/23 17:48:21.262, 41472, 46068, 96, 305.89
2026/09/23 17:48:22.263, 41472, 46068, 96, 300.47
2026/09/23 17:48:23.265, 41472, 46068, 97, 313.83
2026/09/23 17:48:24.266, 41472, 46068, 97, 306.40
2026/09/23 17:48:25.269, 41472, 46068, 96, 334.32
2026/09/23 17:48:26.269, 41472, 46068, 97, 312.92
2026/09/23 17:48:27.272, 41472, 46068, 96, 321.92
2026/09/23 17:48:28.274, 41472, 46068, 95, 324.95
2026/09/23 17:48:29.275, 41472, 46068, 96, 319.73
2026/09/23 17:48:30.277, 41472, 46068, 96, 336.31
2026/09/23 17:48:31.279, 41472, 46068, 95, 345.17
2026/09/23 17:48:32.280, 41472, 46068, 96, 329.30
2026/09/23 17:48:33.281, 41472, 46068, 97, 320.29
2026/09/23 17:48:34.283, 41472, 46068, 95, 321.62
2026/09/23 17:48:35.284, 41472, 46068, 97, 332.37
2026/09/23 17:48:36.285, 41472, 46068, 95, 339.19
2026/09/23 17:48:37.287, 41472, 46068, 97, 340.56
2026/09/23 17:48:38.289, 41472, 46068, 97, 345.49
2026/09/23 17:48:39.290, 41472, 46068, 97, 333.29
2026/09/23 17:48:40.292, 41472, 46068, 97, 331.39
2026/09/23 17:48:41.293, 41472, 46068, 96, 352.04
2026/09/23 17:48:42.294, 41472, 46068, 95, 337.52
2026/09/23 17:48:43.296, 41472, 46068, 97, 339.57
2026/09/23 17:48:44.298, 41472, 46068, 97, 344.73
2026/09/23 17:48:45.299, 41472, 46068, 97, 341.37
2026/09/23 17:48:46.300, 41472, 46068, 100, 346.98
2026/09/23 17:48:47.301, 41472, 46068, 100, 338.55
2026/09/23 17:48:48.303, 41472, 46068, 100, 336.64
2026/09/23 17:48:49.304, 41472, 46068, 96, 353.44
2026/09/23 17:48:50.306, 41472, 46068, 100, 334.25
2026/09/23 17:48:51.308, 41472, 46068, 96, 336.49
2026/09/23 17:48:52.309, 41472, 46068, 100, 346.83
2026/09/23 17:48:53.310, 41472, 46068, 100, 339.92
2026/09/23 17:48:54.312, 41472, 46068, 96, 335.84
2026/09/23 17:48:55.315, 41472, 46068, 100, 336.33
2026/09/23 17:48:56.316, 41472, 46068, 96, 331.53
2026/09/23 17:48:57.318, 41472, 46068, 100, 334.23
2026/09/23 17:48:58.320, 41472, 46068, 96, 329.98
2026/09/23 17:48:59.322, 41472, 46068, 100, 334.02
2026/09/23 17:49:00.323, 41472, 46068, 96, 334.10
2026/09/23 17:49:01.325, 41472, 46068, 97, 338.26
2026/09/23 17:49:02.327, 41472, 46068, 96, 333.84
2026/09/23 17:49:03.329, 41472, 46068, 92, 336.71
2026/09/23 17:49:04.331, 41472, 46068, 96, 331.39
2026/09/23 17:49:05.332, 41472, 46068, 96, 328.98
2026/09/23 17:49:06.334, 41472, 46068, 100, 335.61
2026/09/23 17:49:07.336, 41472, 46068, 100, 341.08
2026/09/23 17:49:08.337, 41472, 46068, 95, 332.79
2026/09/23 17:49:09.339, 41472, 46068, 95, 339.26
2026/09/23 17:49:10.340, 41472, 46068, 96, 345.00
2026/09/23 17:49:11.342, 41472, 46068, 96, 339.44
2026/09/23 17:49:12.344, 41472, 46068, 91, 339.40
2026/09/23 17:49:13.346, 41472, 46068, 95, 337.23
2026/09/23 17:49:14.347, 41472, 46068, 96, 342.90
2026/09/23 17:49:15.349, 41472, 46068, 100, 335.87
2026/09/23 17:49:16.351, 41472, 46068, 96, 335.16
2026/09/23 17:49:17.353, 41472, 46068, 96, 341.48
2026/09/23 17:49:18.354, 41472, 46068, 95, 346.92
2026/09/23 17:49:19.356, 41472, 46068, 100, 339.49
2026/09/23 17:49:20.358, 41472, 46068, 94, 340.18
2026/09/23 17:49:21.359, 41472, 46068, 95, 343.92
2026/09/23 17:49:22.361, 41472, 46068, 95, 337.37
2026/09/23 17:49:23.363, 41472, 46068, 100, 336.01
2026/09/23 17:49:24.365, 41472, 46068, 100, 333.52
2026/09/23 17:49:25.366, 41472, 46068, 100, 340.26
2026/09/23 17:49:26.367, 41472, 46068, 95, 335.65
2026/09/23 17:49:27.369, 41472, 46068, 95, 343.83
2026/09/23 17:49:28.370, 41472, 46068, 95, 333.14
2026/09/23 17:49:29.372, 41472, 46068, 95, 332.34
2026/09/23 17:49:30.374, 41472, 46068, 90, 341.67
2026/09/23 17:49:31.376, 41472, 46068, 91, 342.56
2026/09/23 17:49:32.378, 41472, 46068, 100, 338.04
2026/09/23 17:49:33.380, 41472, 46068, 100, 341.23
2026/09/23 17:49:34.382, 41472, 46068, 100, 350.44
2026/09/23 17:49:35.383, 41472, 46068, 95, 343.38
2026/09/23 17:49:36.385, 41472, 46068, 95, 340.08
2026/09/23 17:49:37.386, 41472, 46068, 91, 343.72
2026/09/23 17:49:38.390, 41472, 46068, 100, 331.65
2026/09/23 17:49:39.392, 41472, 46068, 95, 333.32
2026/09/23 17:49:40.394, 41472, 46068, 100, 341.70
2026/09/23 17:49:41.395, 41472, 46068, 96, 332.73
2026/09/23 17:49:42.397, 41472, 46068, 95, 336.97
2026/09/23 17:49:43.398, 41472, 46068, 100, 341.59
2026/09/23 17:49:44.400, 41472, 46068, 100, 347.04
2026/09/23 17:49:45.401, 41472, 46068, 100, 340.90
2026/09/23 17:49:46.403, 41472, 46068, 95, 335.88
2026/09/23 17:49:47.407, 41472, 46068, 95, 336.43
2026/09/23 17:49:48.408, 41472, 46068, 95, 342.55
2026/09/23 17:49:49.410, 41472, 46068, 95, 347.68
2026/09/23 17:49:50.412, 41472, 46068, 100, 340.45
2026/09/23 17:49:51.414, 41472, 46068, 96, 342.49
2026/09/23 17:49:52.415, 41472, 46068, 100, 334.77
2026/09/23 17:49:53.417, 41472, 46068, 96, 338.65
2026/09/23 17:49:54.419, 41472, 46068, 96, 341.24
2026/09/23 17:49:55.421, 41472, 46068, 96, 343.34
2026/09/23 17:49:56.423, 41472, 46068, 95, 336.56
2026/09/23 17:49:57.425, 41472, 46068, 94, 338.59
2026/09/23 17:49:58.427, 41472, 46068, 99, 346.27
2026/09/23 17:49:59.428, 41472, 46068, 100, 343.65
2026/09/23 17:50:00.430, 41472, 46068, 94, 338.83
2026/09/23 17:50:01.431, 41472, 46068, 94, 330.80
2026/09/23 17:50:02.433, 41472, 46068, 95, 347.14
2026/09/23 17:50:03.434, 41472, 46068, 94, 332.69
2026/09/23 17:50:04.436, 41472, 46068, 95, 345.89
2026/09/23 17:50:05.437, 41472, 46068, 95, 340.36
2026/09/23 17:50:06.439, 41472, 46068, 95, 336.45
2026/09/23 17:50:07.441, 41472, 46068, 96, 337.39
2026/09/23 17:50:08.443, 41472, 46068, 96, 336.67
2026/09/23 17:50:09.444, 41472, 46068, 100, 337.51
2026/09/23 17:50:10.445, 41472, 46068, 100, 336.86
2026/09/23 17:50:11.448, 41472, 46068, 100, 326.36
2026/09/23 17:50:12.450, 41472, 46068, 95, 336.99
2026/09/23 17:50:13.452, 41472, 46068, 95, 337.46
2026/09/23 17:50:14.453, 41472, 46068, 95, 333.22
2026/09/23 17:50:15.455, 41472, 46068, 96, 329.91
2026/09/23 17:50:16.457, 41472, 46068, 100, 337.59
2026/09/23 17:50:17.458, 41472, 46068, 95, 330.49
2026/09/23 17:50:18.460, 41472, 46068, 95, 336.03
2026/09/23 17:50:19.462, 41472, 46068, 95, 328.22
2026/09/23 17:50:20.464, 41472, 46068, 95, 331.40
2026/09/23 17:50:21.466, 41472, 46068, 96, 328.50
2026/09/23 17:50:22.468, 41472, 46068, 96, 338.92
2026/09/23 17:50:23.470, 41472, 46068, 95, 336.26
2026/09/23 17:50:24.471, 41472, 46068, 100, 332.16
2026/09/23 17:50:25.473, 41472, 46068, 95, 341.54
2026/09/23 17:50:26.475, 41472, 46068, 95, 339.41
2026/09/23 17:50:27.477, 41472, 46068, 95, 344.60
2026/09/23 17:50:28.479, 41472, 46068, 100, 338.36
2026/09/23 17:50:29.480, 41472, 46068, 95, 341.14
2026/09/23 17:50:30.482, 41472, 46068, 100, 346.04
2026/09/23 17:50:31.484, 41472, 46068, 95, 328.24
2026/09/23 17:50:32.485, 41472, 46068, 100, 339.71
2026/09/23 17:50:33.487, 41472, 46068, 100, 338.61
2026/09/23 17:50:34.489, 41472, 46068, 96, 330.83
2026/09/23 17:50:35.490, 41472, 46068, 96, 335.75
2026/09/23 17:50:36.492, 41472, 46068, 100, 342.15
2026/09/23 17:50:37.493, 41472, 46068, 100, 343.46
2026/09/23 17:50:38.495, 41472, 46068, 100, 335.45
2026/09/23 17:50:39.496, 41472, 46068, 96, 341.35
2026/09/23 17:50:40.498, 41472, 46068, 96, 344.04
2026/09/23 17:50:41.500, 41472, 46068, 95, 344.43
2026/09/23 17:50:42.502, 41472, 46068, 100, 339.98
2026/09/23 17:50:43.503, 41472, 46068, 96, 340.77
2026/09/23 17:50:44.505, 41472, 46068, 96, 344.01
2026/09/23 17:50:45.506, 41472, 46068, 96, 340.46
2026/09/23 17:50:46.508, 41472, 46068, 94, 339.97
2026/09/23 17:50:47.509, 41472, 46068, 95, 334.99
2026/09/23 17:50:48.511, 41472, 46068, 95, 333.95
2026/09/23 17:50:49.513, 41472, 46068, 96, 331.13
2026/09/23 17:50:50.515, 41472, 46068, 92, 334.93
2026/09/23 17:50:51.517, 41472, 46068, 96, 345.30
2026/09/23 17:50:52.519, 41472, 46068, 100, 340.30
2026/09/23 17:50:53.521, 41472, 46068, 96, 337.18
2026/09/23 17:50:54.522, 41472, 46068, 96, 332.95
2026/09/23 17:50:55.524, 41472, 46068, 96, 338.34
2026/09/23 17:50:56.525, 41472, 46068, 100, 336.01
2026/09/23 17:50:57.527, 41472, 46068, 96, 335.02
2026/09/23 17:50:58.529, 41472, 46068, 96, 338.65
2026/09/23 17:50:59.530, 41472, 46068, 96, 335.29
2026/09/23 17:51:00.532, 41472, 46068, 99, 340.01
2026/09/23 17:51:01.533, 41472, 46068, 100, 338.67
2026/09/23 17:51:02.534, 41472, 46068, 100, 343.38
2026/09/23 17:51:03.536, 41472, 46068, 96, 338.58
2026/09/23 17:51:04.537, 41472, 46068, 95, 341.32
2026/09/23 17:51:05.539, 41472, 46068, 96, 343.73
2026/09/23 17:51:06.541, 41472, 46068, 100, 345.10
2026/09/23 17:51:07.543, 41472, 46068, 96, 337.22
2026/09/23 17:51:08.544, 41472, 46068, 96, 330.94
2026/09/23 17:51:09.545, 41472, 46068, 100, 333.93
2026/09/23 17:51:10.546, 41472, 46068, 96, 330.74
2026/09/23 17:51:11.548, 41472, 46068, 96, 339.22
2026/09/23 17:51:12.550, 41472, 46068, 95, 340.60
2026/09/23 17:51:13.551, 41472, 46068, 100, 342.99
2026/09/23 17:51:14.553, 41472, 46068, 100, 347.40
2026/09/23 17:51:15.554, 41472, 46068, 100, 345.25
2026/09/23 17:51:16.556, 41472, 46068, 96, 337.54
2026/09/23 17:51:17.557, 41472, 46068, 96, 338.83
2026/09/23 17:51:18.559, 41472, 46068, 96, 336.69
2026/09/23 17:51:19.560, 41472, 46068, 94, 343.36
2026/09/23 17:51:20.561, 41472, 46068, 95, 337.44
2026/09/23 17:51:21.562, 41472, 46068, 100, 335.85
2026/09/23 17:51:22.564, 41472, 46068, 98, 340.37
2026/09/23 17:51:23.565, 41472, 46068, 95, 339.96
2026/09/23 17:51:24.567, 41472, 46068, 96, 339.19
2026/09/23 17:51:25.569, 41472, 46068, 100, 335.20
2026/09/23 17:51:26.570, 41472, 46068, 96, 341.88
2026/09/23 17:51:27.571, 41472, 46068, 96, 338.18
2026/09/23 17:51:28.573, 41472, 46068, 96, 336.18
2026/09/23 17:51:29.574, 41472, 46068, 100, 336.68
2026/09/23 17:51:30.576, 41472, 46068, 95, 335.31
2026/09/23 17:51:31.577, 41472, 46068, 96, 341.84
2026/09/23 17:51:32.579, 41472, 46068, 100, 335.99
2026/09/23 17:51:33.580, 41472, 46068, 96, 339.29
2026/09/23 17:51:34.582, 41472, 46068, 95, 330.95
2026/09/23 17:51:35.584, 41472, 46068, 96, 336.08
2026/09/23 17:51:36.586, 41472, 46068, 100, 336.71
2026/09/23 17:51:37.588, 41472, 46068, 98, 335.17
2026/09/23 17:51:38.589, 41472, 46068, 95, 341.06
2026/09/23 17:51:39.591, 41472, 46068, 100, 334.29
2026/09/23 17:51:40.593, 41472, 46068, 95, 338.19
2026/09/23 17:51:41.595, 41472, 46068, 95, 337.21
2026/09/23 17:51:42.596, 41472, 46068, 100, 334.83
2026/09/23 17:51:43.599, 41472, 46068, 94, 342.78
2026/09/23 17:51:44.600, 41472, 46068, 100, 326.56
2026/09/23 17:51:45.602, 41472, 46068, 94, 334.56
2026/09/23 17:51:46.604, 41472, 46068, 94, 343.02
2026/09/23 17:51:47.606, 41472, 46068, 94, 342.74
2026/09/23 17:51:48.608, 41472, 46068, 94, 342.61
2026/09/23 17:51:49.610, 41472, 46068, 94, 346.78
2026/09/23 17:51:50.612, 41472, 46068, 96, 345.20
2026/09/23 17:51:51.615, 41472, 46068, 94, 341.58
2026/09/23 17:51:52.617, 41472, 46068, 100, 340.79
2026/09/23 17:51:53.619, 41472, 46068, 100, 342.94
2026/09/23 17:51:54.621, 41472, 46068, 100, 340.40
2026/09/23 17:51:55.623, 41472, 46068, 95, 346.76
2026/09/23 17:51:56.625, 41472, 46068, 100, 339.55
2026/09/23 17:51:57.626, 41472, 46068, 100, 341.06
2026/09/23 17:51:58.627, 41472, 46068, 100, 331.81
2026/09/23 17:51:59.629, 41472, 46068, 95, 332.08
2026/09/23 17:52:00.634, 41472, 46068, 100, 337.07
2026/09/23 17:52:01.636, 41472, 46068, 100, 331.39
2026/09/23 17:52:02.637, 41472, 46068, 94, 338.77
2026/09/23 17:52:03.639, 41472, 46068, 95, 341.11
2026/09/23 17:52:04.640, 41472, 46068, 94, 335.28
2026/09/23 17:52:05.642, 41472, 46068, 100, 335.36
2026/09/23 17:52:06.644, 41472, 46068, 95, 342.64
2026/09/23 17:52:07.646, 41472, 46068, 95, 330.99
2026/09/23 17:52:08.647, 41472, 46068, 95, 331.05
2026/09/23 17:52:09.649, 41472, 46068, 89, 337.05
2026/09/23 17:52:10.651, 41472, 46068, 100, 329.93
2026/09/23 17:52:11.652, 41472, 46068, 100, 334.74
2026/09/23 17:52:12.654, 41472, 46068, 100, 336.49
2026/09/23 17:52:13.656, 41472, 46068, 94, 326.41
2026/09/23 17:52:14.657, 41472, 46068, 94, 327.95
2026/09/23 17:52:15.659, 41472, 46068, 100, 341.82
2026/09/23 17:52:16.660, 41472, 46068, 94, 337.13
2026/09/23 17:52:17.662, 41472, 46068, 97, 338.69
2026/09/23 17:52:18.664, 41472, 46068, 100, 339.95
2026/09/23 17:52:19.666, 41472, 46068, 95, 328.77
2026/09/23 17:52:20.668, 41472, 46068, 100, 334.96
2026/09/23 17:52:21.670, 41472, 46068, 96, 337.00
2026/09/23 17:52:22.671, 41472, 46068, 94, 342.36
2026/09/23 17:52:23.673, 41472, 46068, 100, 335.82
2026/09/23 17:52:24.675, 41472, 46068, 100, 328.36
2026/09/23 17:52:25.677, 41472, 46068, 100, 324.95
2026/09/23 17:52:26.679, 41472, 46068, 94, 331.91
2026/09/23 17:52:27.681, 41472, 46068, 95, 326.20
2026/09/23 17:52:28.683, 41472, 46068, 94, 335.36
2026/09/23 17:52:29.685, 41472, 46068, 94, 347.42
2026/09/23 17:52:30.687, 41472, 46068, 95, 331.96
2026/09/23 17:52:31.689, 41472, 46068, 95, 339.29
2026/09/23 17:52:32.691, 41472, 46068, 100, 336.93
2026/09/23 17:52:33.692, 41472, 46068, 95, 336.70
2026/09/23 17:52:34.694, 41472, 46068, 95, 337.88
2026/09/23 17:52:35.695, 41472, 46068, 95, 340.60
2026/09/23 17:52:36.697, 41472, 46068, 95, 337.34
2026/09/23 17:52:37.698, 41472, 46068, 95, 338.10
2026/09/23 17:52:38.700, 41472, 46068, 95, 341.84
2026/09/23 17:52:39.701, 41472, 46068, 100, 333.93
2026/09/23 17:52:40.703, 41472, 46068, 95, 338.97
2026/09/23 17:52:41.705, 41472, 46068, 95, 340.96
2026/09/23 17:52:42.706, 41472, 46068, 95, 338.06
2026/09/23 17:52:43.708, 41472, 46068, 92, 335.42
2026/09/23 17:52:44.710, 41472, 46068, 100, 336.45
2026/09/23 17:52:45.712, 41472, 46068, 96, 334.58
2026/09/23 17:52:46.714, 41472, 46068, 91, 343.89
2026/09/23 17:52:47.715, 41472, 46068, 100, 340.36
2026/09/23 17:52:48.717, 41472, 46068, 100, 331.00
2026/09/23 17:52:49.719, 41472, 46068, 100, 340.98
2026/09/23 17:52:50.721, 41472, 46068, 94, 335.56
2026/09/23 17:52:51.723, 41472, 46068, 96, 331.82
2026/09/23 17:52:52.725, 41472, 46068, 100, 337.87
2026/09/23 17:52:53.727, 41472, 46068, 95, 336.95
2026/09/23 17:52:54.728, 41472, 46068, 100, 340.38
2026/09/23 17:52:55.730, 41472, 46068, 96, 336.34
2026/09/23 17:52:56.731, 41472, 46068, 95, 342.24
2026/09/23 17:52:57.733, 41472, 46068, 96, 346.67
2026/09/23 17:52:58.735, 41472, 46068, 95, 336.43
2026/09/23 17:52:59.737, 41472, 46068, 100, 343.58
2026/09/23 17:53:00.739, 41472, 46068, 96, 340.80
2026/09/23 17:53:01.741, 41472, 46068, 96, 346.26
2026/09/23 17:53:02.743, 41472, 46068, 96, 329.19
2026/09/23 17:53:03.744, 41472, 46068, 100, 333.80
2026/09/23 17:53:04.747, 41472, 46068, 100, 339.88
2026/09/23 17:53:05.749, 41472, 46068, 99, 339.77
2026/09/23 17:53:06.750, 41472, 46068, 96, 335.38
2026/09/23 17:53:07.751, 41472, 46068, 96, 346.86
2026/09/23 17:53:08.753, 41472, 46068, 96, 341.41
2026/09/23 17:53:09.755, 41472, 46068, 96, 341.04
2026/09/23 17:53:10.756, 41472, 46068, 92, 340.51
2026/09/23 17:53:11.757, 41472, 46068, 93, 342.83
2026/09/23 17:53:12.759, 41472, 46068, 92, 345.25
2026/09/23 17:53:13.763, 41472, 46068, 100, 337.87
2026/09/23 17:53:14.765, 41472, 46068, 100, 335.00
2026/09/23 17:53:15.766, 41472, 46068, 96, 336.11
2026/09/23 17:53:16.768, 41472, 46068, 96, 338.65
2026/09/23 17:53:17.770, 41472, 46068, 100, 339.29
2026/09/23 17:53:18.772, 41472, 46068, 96, 338.56
2026/09/23 17:53:19.773, 41472, 46068, 92, 344.57
2026/09/23 17:53:20.774, 41472, 46068, 96, 335.15
2026/09/23 17:53:21.775, 41472, 46068, 96, 330.28
2026/09/23 17:53:22.776, 41472, 46068, 100, 335.96
2026/09/23 17:53:23.778, 41472, 46068, 95, 329.83
2026/09/23 17:53:24.779, 41472, 46068, 96, 327.07
2026/09/23 17:53:25.780, 41472, 46068, 96, 328.88
2026/09/23 17:53:26.782, 41472, 46068, 100, 340.72
2026/09/23 17:53:27.784, 41472, 46068, 100, 338.32
2026/09/23 17:53:28.785, 41472, 46068, 96, 336.95
2026/09/23 17:53:29.786, 41472, 46068, 96, 336.83
2026/09/23 17:53:30.788, 41472, 46068, 100, 338.23
2026/09/23 17:53:31.789, 41472, 46068, 97, 336.83
2026/09/23 17:53:32.791, 41472, 46068, 96, 342.16
2026/09/23 17:53:33.792, 41472, 46068, 96, 339.51
2026/09/23 17:53:34.794, 41472, 46068, 95, 342.58
2026/09/23 17:53:35.795, 41472, 46068, 96, 343.26
2026/09/23 17:53:36.797, 41472, 46068, 96, 341.87
2026/09/23 17:53:37.798, 41472, 46068, 96, 344.59
2026/09/23 17:53:38.799, 41472, 46068, 100, 341.89
2026/09/23 17:53:39.801, 41472, 46068, 100, 341.21
2026/09/23 17:53:40.802, 41472, 46068, 96, 340.12
2026/09/23 17:53:41.803, 41472, 46068, 96, 342.72
2026/09/23 17:53:42.804, 41472, 46068, 96, 346.38
2026/09/23 17:53:43.807, 41472, 46068, 100, 334.64
2026/09/23 17:53:44.808, 41472, 46068, 95, 338.72
2026/09/23 17:53:45.810, 41472, 46068, 100, 343.96
2026/09/23 17:53:46.812, 41472, 46068, 100, 336.03
2026/09/23 17:53:47.813, 41472, 46068, 96, 335.05
2026/09/23 17:53:48.815, 41472, 46068, 96, 338.59
2026/09/23 17:53:49.816, 41472, 46068, 100, 335.78
2026/09/23 17:53:50.818, 41472, 46068, 100, 339.42
2026/09/23 17:53:51.819, 41472, 46068, 100, 347.23
2026/09/23 17:53:52.821, 41472, 46068, 96, 335.95
2026/09/23 17:53:53.822, 41472, 46068, 100, 341.63
2026/09/23 17:53:54.824, 41472, 46068, 100, 339.84
2026/09/23 17:53:55.826, 41472, 46068, 91, 339.67
2026/09/23 17:53:56.827, 41472, 46068, 96, 333.18
2026/09/23 17:53:57.828, 41472, 46068, 96, 334.64
2026/09/23 17:53:58.829, 41472, 46068, 100, 337.94
2026/09/23 17:53:59.831, 41472, 46068, 96, 339.08
2026/09/23 17:54:00.832, 41472, 46068, 96, 340.44
2026/09/23 17:54:01.833, 41472, 46068, 96, 342.51
2026/09/23 17:54:02.835, 41472, 46068, 96, 334.98
2026/09/23 17:54:03.837, 41472, 46068, 95, 336.67
2026/09/23 17:54:04.839, 41472, 46068, 99, 342.51
2026/09/23 17:54:05.840, 41472, 46068, 100, 341.08
2026/09/23 17:54:06.843, 41472, 46068, 95, 339.14
2026/09/23 17:54:07.844, 41472, 46068, 100, 334.96
2026/09/23 17:54:08.845, 41472, 46068, 100, 335.80
2026/09/23 17:54:09.847, 41472, 46068, 96, 341.38
2026/09/23 17:54:10.849, 41472, 46068, 96, 335.72
2026/09/23 17:54:11.851, 41472, 46068, 95, 337.95
2026/09/23 17:54:12.852, 41472, 46068, 100, 339.90
2026/09/23 17:54:13.854, 41472, 46068, 96, 343.18
2026/09/23 17:54:14.856, 41472, 46068, 96, 342.04
2026/09/23 17:54:15.857, 41472, 46068, 96, 333.39
2026/09/23 17:54:16.859, 41472, 46068, 100, 338.77
2026/09/23 17:54:17.860, 41472, 46068, 100, 341.74
2026/09/23 17:54:18.863, 41472, 46068, 100, 339.48
2026/09/23 17:54:19.865, 41472, 46068, 96, 334.49
2026/09/23 17:54:20.866, 41472, 46068, 96, 346.89
2026/09/23 17:54:21.868, 41472, 46068, 93, 330.68
2026/09/23 17:54:22.869, 41472, 46068, 100, 334.48
2026/09/23 17:54:23.871, 41472, 46068, 96, 336.40
2026/09/23 17:54:24.873, 41472, 46068, 92, 343.01
2026/09/23 17:54:25.874, 41472, 46068, 93, 349.74
2026/09/23 17:54:26.877, 41472, 46068, 96, 339.63
2026/09/23 17:54:27.879, 41472, 46068, 92, 336.15
2026/09/23 17:54:28.880, 41472, 46068, 91, 338.50
2026/09/23 17:54:29.882, 41472, 46068, 96, 336.30
2026/09/23 17:54:30.892, 41472, 46068, 96, 339.08
2026/09/23 17:54:31.894, 41472, 46068, 96, 334.08
2026/09/23 17:54:32.896, 41472, 46068, 96, 344.37
2026/09/23 17:54:33.898, 41472, 46068, 96, 337.12
2026/09/23 17:54:34.899, 41472, 46068, 100, 339.09
2026/09/23 17:54:35.903, 41472, 46068, 96, 336.64
2026/09/23 17:54:36.904, 41472, 46068, 96, 339.21
2026/09/23 17:54:37.906, 41472, 46068, 100, 342.70
2026/09/23 17:54:38.908, 41472, 46068, 100, 340.49
2026/09/23 17:54:39.910, 41472, 46068, 96, 338.51
2026/09/23 17:54:40.912, 41472, 46068, 97, 342.52
2026/09/23 17:54:41.913, 41472, 46068, 100, 339.17
2026/09/23 17:54:42.916, 41472, 46068, 96, 336.73
2026/09/23 17:54:43.917, 41472, 46068, 99, 334.91
2026/09/23 17:54:44.919, 41472, 46068, 96, 338.72
2026/09/23 17:54:45.920, 41472, 46068, 100, 332.87
2026/09/23 17:54:46.921, 41472, 46068, 100, 338.08
2026/09/23 17:54:47.923, 41472, 46068, 100, 340.70
2026/09/23 17:54:48.925, 41472, 46068, 100, 340.30
2026/09/23 17:54:49.926, 41472, 46068, 94, 343.10
2026/09/23 17:54:50.928, 41472, 46068, 100, 340.65
2026/09/23 17:54:51.930, 41472, 46068, 100, 340.28
2026/09/23 17:54:52.931, 41472, 46068, 100, 343.73
2026/09/23 17:54:53.932, 41472, 46068, 96, 340.19
2026/09/23 17:54:54.933, 41472, 46068, 96, 338.28
2026/09/23 17:54:55.935, 41472, 46068, 95, 341.21
2026/09/23 17:54:56.937, 41472, 46068, 96, 344.75
2026/09/23 17:54:57.938, 41472, 46068, 96, 340.02
2026/09/23 17:54:58.940, 41472, 46068, 96, 343.50
2026/09/23 17:54:59.941, 41472, 46068, 90, 341.48
2026/09/23 17:55:00.942, 41472, 46068, 96, 340.98
2026/09/23 17:55:01.944, 41472, 46068, 100, 347.10
2026/09/23 17:55:02.946, 41472, 46068, 96, 339.64
2026/09/23 17:55:03.947, 41472, 46068, 100, 333.68
2026/09/23 17:55:04.949, 41472, 46068, 100, 337.99
2026/09/23 17:55:05.950, 41472, 46068, 100, 339.59
2026/09/23 17:55:06.951, 41472, 46068, 96, 340.81
2026/09/23 17:55:07.953, 41472, 46068, 100, 344.08
2026/09/23 17:55:08.955, 41472, 46068, 96, 336.61
2026/09/23 17:55:09.956, 41472, 46068, 92, 345.26
2026/09/23 17:55:10.957, 41472, 46068, 95, 333.74
2026/09/23 17:55:11.959, 41472, 46068, 96, 332.60
2026/09/23 17:55:12.960, 41472, 46068, 100, 342.25
2026/09/23 17:55:13.962, 41472, 46068, 96, 333.70
2026/09/23 17:55:14.963, 41472, 46068, 96, 341.92
2026/09/23 17:55:15.965, 41472, 46068, 96, 336.11
2026/09/23 17:55:16.966, 41472, 46068, 100, 335.17
2026/09/23 17:55:17.968, 41472, 46068, 30, 296.87
2026/09/23 17:55:18.970, 41472, 46068, 0, 128.49
2026/09/23 17:55:19.971, 41472, 46068, 0, 103.07
2026/09/23 17:55:20.973, 41472, 46068, 0, 102.07
2026/09/23 17:55:21.974, 41472, 46068, 0, 101.27
2026/09/23 17:55:22.975, 41472, 46068, 0, 100.79
2026/09/23 17:55:23.977, 41472, 46068, 0, 100.46
2026/09/23 17:55:24.978, 41472, 46068, 0, 100.58
2026/09/23 17:55:25.980, 41472, 46068, 0, 99.97
2026/09/23 17:55:26.981, 41472, 46068, 0, 99.08
2026/09/23 17:55:27.983, 41472, 46068, 95, 273.46
2026/09/23 17:55:28.984, 41472, 46068, 96, 290.90
2026/09/23 17:55:29.986, 41472, 46068, 95, 291.06
2026/09/23 17:55:30.988, 41472, 46068, 95, 291.93
2026/09/23 17:55:31.991, 41472, 46068, 95, 291.75
2026/09/23 17:55:32.992, 41472, 46068, 95, 297.41
2026/09/23 17:55:33.994, 41472, 46068, 95, 293.61
2026/09/23 17:55:34.996, 41472, 46068, 95, 291.87
2026/09/23 17:55:35.997, 41472, 46068, 94, 292.73
2026/09/23 17:55:36.999, 41472, 46068, 95, 292.15
2026/09/23 17:55:38.000, 41472, 46068, 95, 291.58
2026/09/23 17:55:39.002, 41472, 46068, 92, 283.88
2026/09/23 17:55:40.004, 41472, 46068, 95, 290.02
2026/09/23 17:55:41.005, 41472, 46068, 95, 291.82
2026/09/23 17:55:42.006, 41472, 46068, 95, 291.42
2026/09/23 17:55:43.008, 41472, 46068, 95, 292.24
2026/09/23 17:55:44.010, 41472, 46068, 95, 291.58
2026/09/23 17:55:45.011, 41472, 46068, 95, 284.48
2026/09/23 17:55:46.012, 41472, 46068, 96, 289.31
2026/09/23 17:55:47.013, 41472, 46068, 95, 289.60
2026/09/23 17:55:48.015, 41472, 46068, 95, 289.39
2026/09/23 17:55:49.018, 41472, 46068, 95, 288.98
2026/09/23 17:55:50.020, 41472, 46068, 93, 287.32
2026/09/23 17:55:51.022, 41472, 46068, 95, 282.41
2026/09/23 17:55:52.024, 41472, 46068, 95, 289.27
2026/09/23 17:55:53.025, 41472, 46068, 95, 289.90
2026/09/23 17:55:54.027, 41472, 46068, 96, 288.37
2026/09/23 17:55:55.028, 41472, 46068, 95, 289.48
2026/09/23 17:55:56.030, 41472, 46068, 95, 288.83
2026/09/23 17:55:57.032, 41472, 46068, 95, 292.63
2026/09/23 17:55:58.033, 41472, 46068, 96, 291.08
2026/09/23 17:55:59.035, 41472, 46068, 95, 291.72
2026/09/23 17:56:00.037, 41472, 46068, 95, 292.32
2026/09/23 17:56:01.039, 41472, 46068, 94, 290.92
2026/09/23 17:56:02.040, 41472, 46068, 96, 291.92
2026/09/23 17:56:03.041, 41472, 46068, 95, 295.89
2026/09/23 17:56:04.042, 41472, 46068, 95, 291.09
2026/09/23 17:56:05.044, 41472, 46068, 95, 290.20
2026/09/23 17:56:06.045, 41472, 46068, 95, 289.76
2026/09/23 17:56:07.047, 41472, 46068, 95, 290.30
2026/09/23 17:56:08.048, 41472, 46068, 95, 290.88
2026/09/23 17:56:09.049, 41472, 46068, 95, 281.88
2026/09/23 17:56:10.051, 41472, 46068, 96, 291.21
2026/09/23 17:56:11.052, 41472, 46068, 96, 293.04
2026/09/23 17:56:12.054, 41472, 46068, 95, 289.78
2026/09/23 17:56:13.055, 41472, 46068, 95, 289.97
2026/09/23 17:56:14.056, 41472, 46068, 96, 290.75
2026/09/23 17:56:15.057, 41472, 46068, 95, 282.54
2026/09/23 17:56:16.058, 41472, 46068, 95, 288.54
2026/09/23 17:56:17.059, 41472, 46068, 96, 287.27
2026/09/23 17:56:18.061, 41472, 46068, 95, 287.90
2026/09/23 17:56:19.063, 41472, 46068, 95, 288.06
2026/09/23 17:56:20.064, 41472, 46068, 95, 293.95
2026/09/23 17:56:21.065, 41472, 46068, 96, 289.22
2026/09/23 17:56:22.067, 41472, 46068, 96, 290.89
2026/09/23 17:56:23.069, 41472, 46068, 95, 290.10
2026/09/23 17:56:24.071, 41472, 46068, 95, 289.84
2026/09/23 17:56:25.072, 41472, 46068, 96, 289.95
2026/09/23 17:56:26.074, 41472, 46068, 96, 295.24
2026/09/23 17:56:27.075, 41472, 46068, 95, 290.78
2026/09/23 17:56:28.077, 41472, 46068, 95, 291.43
2026/09/23 17:56:29.079, 41472, 46068, 96, 290.20
2026/09/23 17:56:30.081, 41472, 46068, 96, 289.89
2026/09/23 17:56:31.083, 41472, 46068, 95, 291.20
2026/09/23 17:56:32.085, 41472, 46068, 95, 285.60
2026/09/23 17:56:33.087, 41472, 46068, 96, 290.33
2026/09/23 17:56:34.088, 41472, 46068, 96, 290.67
2026/09/23 17:56:35.090, 41472, 46068, 95, 289.67
2026/09/23 17:56:36.091, 41472, 46068, 94, 289.64
2026/09/23 17:56:37.093, 41472, 46068, 95, 290.64
2026/09/23 17:56:38.094, 41472, 46068, 96, 285.25
2026/09/23 17:56:39.096, 41472, 46068, 95, 287.43
2026/09/23 17:56:40.097, 41472, 46068, 95, 287.15
2026/09/23 17:56:41.099, 41472, 46068, 95, 287.82
2026/09/23 17:56:42.101, 41472, 46068, 96, 285.97
2026/09/23 17:56:43.102, 41472, 46068, 95, 287.01
2026/09/23 17:56:44.104, 41472, 46068, 95, 296.33
2026/09/23 17:56:45.106, 41472, 46068, 95, 289.14
2026/09/23 17:56:46.107, 41472, 46068, 96, 289.36
2026/09/23 17:56:47.108, 41472, 46068, 96, 290.84
2026/09/23 17:56:48.110, 41472, 46068, 95, 289.87
2026/09/23 17:56:49.111, 41472, 46068, 95, 289.94
2026/09/23 17:56:50.112, 41472, 46068, 95, 287.67
2026/09/23 17:56:51.114, 41472, 46068, 96, 289.25
2026/09/23 17:56:52.116, 41472, 46068, 96, 289.92
2026/09/23 17:56:53.117, 41472, 46068, 95, 288.78
2026/09/23 17:56:54.118, 41472, 46068, 95, 288.99
2026/09/23 17:56:55.119, 41472, 46068, 96, 290.08
2026/09/23 17:56:56.121, 41472, 46068, 96, 287.80
2026/09/23 17:56:57.123, 41472, 46068, 96, 290.48
2026/09/23 17:56:58.125, 41472, 46068, 95, 289.59
2026/09/23 17:56:59.126, 41472, 46068, 95, 289.48
2026/09/23 17:57:00.128, 41472, 46068, 95, 289.33
2026/09/23 17:57:01.130, 41472, 46068, 96, 296.48
2026/09/23 17:57:02.132, 41472, 46068, 96, 287.71
2026/09/23 17:57:03.133, 41472, 46068, 95, 288.85
2026/09/23 17:57:04.135, 41472, 46068, 95, 289.13
2026/09/23 17:57:05.137, 41472, 46068, 95, 288.31
2026/09/23 17:57:06.139, 41472, 46068, 94, 288.40
2026/09/23 17:57:07.140, 41472, 46068, 96, 297.25
2026/09/23 17:57:08.142, 41472, 46068, 95, 289.17
2026/09/23 17:57:09.144, 41472, 46068, 95, 288.67
2026/09/23 17:57:10.146, 41472, 46068, 95, 288.73
2026/09/23 17:57:11.148, 41472, 46068, 96, 289.20
2026/09/23 17:57:12.149, 41472, 46068, 94, 289.42
2026/09/23 17:57:13.151, 41472, 46068, 95, 281.18
2026/09/23 17:57:14.153, 41472, 46068, 95, 288.83
2026/09/23 17:57:15.154, 41472, 46068, 95, 288.21
2026/09/23 17:57:16.156, 41472, 46068, 95, 289.71
2026/09/23 17:57:17.158, 41472, 46068, 96, 288.50
2026/09/23 17:57:18.160, 41472, 46068, 95, 288.61
2026/09/23 17:57:19.161, 41472, 46068, 95, 287.97
2026/09/23 17:57:20.163, 41472, 46068, 96, 289.21
2026/09/23 17:57:21.165, 41472, 46068, 95, 288.01
2026/09/23 17:57:22.166, 41472, 46068, 95, 288.72
2026/09/23 17:57:23.168, 41472, 46068, 96, 289.09
2026/09/23 17:57:24.170, 41472, 46068, 94, 289.59
2026/09/23 17:57:25.171, 41472, 46068, 95, 289.51
2026/09/23 17:57:26.172, 41472, 46068, 95, 291.14
2026/09/23 17:57:27.174, 41472, 46068, 95, 291.02
2026/09/23 17:57:28.176, 41472, 46068, 94, 291.19
2026/09/23 17:57:29.178, 41472, 46068, 96, 290.68
2026/09/23 17:57:30.180, 41472, 46068, 94, 292.17
2026/09/23 17:57:31.183, 41472, 46068, 95, 286.70
2026/09/23 17:57:32.184, 41472, 46068, 96, 285.80
2026/09/23 17:57:33.186, 41472, 46068, 95, 286.20
2026/09/23 17:57:34.187, 41472, 46068, 95, 286.45
2026/09/23 17:57:35.189, 41472, 46068, 96, 286.65
2026/09/23 17:57:36.190, 41472, 46068, 95, 287.32
2026/09/23 17:57:37.191, 41472, 46068, 95, 294.79
2026/09/23 17:57:38.193, 41472, 46068, 95, 288.07
2026/09/23 17:57:39.195, 41472, 46068, 95, 288.03
2026/09/23 17:57:40.197, 41472, 46068, 95, 288.55
2026/09/23 17:57:41.198, 41472, 46068, 95, 287.73
2026/09/23 17:57:42.200, 41472, 46068, 0, 272.20
2026/09/23 17:57:43.202, 41472, 46068, 0, 118.33
2026/09/23 17:57:44.203, 41472, 46068, 0, 98.04
2026/09/23 17:57:45.205, 41472, 46068, 96, 119.61
2026/09/23 17:57:46.207, 41472, 46068, 95, 281.35
2026/09/23 17:57:47.208, 41472, 46068, 95, 285.32
2026/09/23 17:57:48.210, 41472, 46068, 95, 286.08
2026/09/23 17:57:49.213, 41472, 46068, 95, 285.97
2026/09/23 17:57:50.215, 41472, 46068, 95, 285.95
2026/09/23 17:57:51.217, 41472, 46068, 95, 283.02
2026/09/23 17:57:52.219, 41472, 46068, 95, 286.05
2026/09/23 17:57:53.221, 41472, 46068, 95, 286.36
2026/09/23 17:57:54.222, 41472, 46068, 95, 286.31
2026/09/23 17:57:55.224, 41472, 46068, 95, 287.43
2026/09/23 17:57:56.226, 41472, 46068, 95, 287.55
2026/09/23 17:57:57.228, 41472, 46068, 95, 284.92
2026/09/23 17:57:58.230, 41472, 46068, 95, 287.20
2026/09/23 17:57:59.232, 41472, 46068, 95, 286.80
2026/09/23 17:58:00.234, 41472, 46068, 95, 286.83
2026/09/23 17:58:01.236, 41472, 46068, 95, 287.09
2026/09/23 17:58:02.237, 41472, 46068, 96, 287.77
2026/09/23 17:58:03.239, 41472, 46068, 95, 295.63
2026/09/23 17:58:04.241, 41472, 46068, 95, 286.65
2026/09/23 17:58:05.243, 41472, 46068, 94, 286.50
2026/09/23 17:58:06.245, 41472, 46068, 94, 286.25
2026/09/23 17:58:07.247, 41472, 46068, 95, 286.08
2026/09/23 17:58:08.249, 41472, 46068, 95, 286.87
2026/09/23 17:58:09.250, 41472, 46068, 95, 294.23
2026/09/23 17:58:10.252, 41472, 46068, 95, 287.89
2026/09/23 17:58:11.254, 41472, 46068, 95, 287.02
2026/09/23 17:58:12.257, 41472, 46068, 95, 286.55
2026/09/23 17:58:13.258, 41472, 46068, 95, 286.93
2026/09/23 17:58:14.260, 41472, 46068, 95, 287.68
2026/09/23 17:58:15.262, 41472, 46068, 95, 289.31
2026/09/23 17:58:16.264, 41472, 46068, 95, 287.02
2026/09/23 17:58:17.265, 41472, 46068, 95, 286.78
2026/09/23 17:58:18.267, 41472, 46068, 95, 286.29
2026/09/23 17:58:19.269, 41472, 46068, 95, 287.36
2026/09/23 17:58:20.271, 41472, 46068, 95, 287.77
2026/09/23 17:58:21.274, 41472, 46068, 95, 278.83
2026/09/23 17:58:22.276, 41472, 46068, 95, 286.88
2026/09/23 17:58:23.277, 41472, 46068, 95, 287.77
2026/09/23 17:58:24.279, 41472, 46068, 95, 286.30
2026/09/23 17:58:25.281, 41472, 46068, 95, 287.40
2026/09/23 17:58:26.283, 41472, 46068, 95, 287.81
2026/09/23 17:58:27.285, 41472, 46068, 95, 281.98
2026/09/23 17:58:28.287, 41472, 46068, 95, 287.59
2026/09/23 17:58:29.288, 41472, 46068, 94, 289.16
2026/09/23 17:58:30.290, 41472, 46068, 95, 287.92
2026/09/23 17:58:31.291, 41472, 46068, 94, 286.58
2026/09/23 17:58:32.293, 41472, 46068, 95, 285.77
2026/09/23 17:58:33.294, 41472, 46068, 95, 285.30
2026/09/23 17:58:34.295, 41472, 46068, 94, 289.10
2026/09/23 17:58:35.297, 41472, 46068, 95, 287.14
2026/09/23 17:58:36.299, 41472, 46068, 95, 288.47
2026/09/23 17:58:37.300, 41472, 46068, 95, 287.23
2026/09/23 17:58:38.302, 41472, 46068, 96, 286.38
2026/09/23 17:58:39.303, 41472, 46068, 96, 289.29
2026/09/23 17:58:40.305, 41472, 46068, 94, 288.28
2026/09/23 17:58:41.306, 41472, 46068, 95, 288.22
2026/09/23 17:58:42.308, 41472, 46068, 95, 288.22
2026/09/23 17:58:43.310, 41472, 46068, 95, 288.40
2026/09/23 17:58:44.311, 41472, 46068, 95, 292.34
2026/09/23 17:58:45.314, 41472, 46068, 95, 289.04
2026/09/23 17:58:46.316, 41472, 46068, 95, 287.83
2026/09/23 17:58:47.317, 41472, 46068, 95, 287.64
2026/09/23 17:58:48.319, 41472, 46068, 94, 286.29
2026/09/23 17:58:49.321, 41472, 46068, 95, 287.40
2026/09/23 17:58:50.322, 41472, 46068, 95, 292.71
2026/09/23 17:58:51.325, 41472, 46068, 95, 287.13
2026/09/23 17:58:52.326, 41472, 46068, 95, 285.95
2026/09/23 17:58:53.330, 41472, 46068, 95, 287.51
2026/09/23 17:58:54.331, 41472, 46068, 95, 286.89
2026/09/23 17:58:55.335, 41472, 46068, 94, 287.90
2026/09/23 17:58:56.337, 41472, 46068, 95, 296.40
2026/09/23 17:58:57.339, 41472, 46068, 95, 289.34
2026/09/23 17:58:58.341, 41472, 46068, 95, 288.39
2026/09/23 17:58:59.342, 41472, 46068, 94, 288.23
2026/09/23 17:59:00.343, 41472, 46068, 95, 288.53
2026/09/23 17:59:01.345, 41472, 46068, 95, 288.67
2026/09/23 17:59:02.347, 41472, 46068, 96, 292.00
2026/09/23 17:59:03.349, 41472, 46068, 94, 288.74
2026/09/23 17:59:04.351, 41472, 46068, 96, 289.07
2026/09/23 17:59:05.353, 41472, 46068, 95, 289.11
2026/09/23 17:59:06.354, 41472, 46068, 95, 287.77
2026/09/23 17:59:07.356, 41472, 46068, 95, 288.39
2026/09/23 17:59:08.358, 41472, 46068, 95, 284.36
2026/09/23 17:59:09.360, 41472, 46068, 95, 288.30
2026/09/23 17:59:10.361, 41472, 46068, 95, 289.19
2026/09/23 17:59:11.363, 41472, 46068, 94, 289.01
2026/09/23 17:59:12.364, 41472, 46068, 95, 288.32
2026/09/23 17:59:13.366, 41472, 46068, 95, 287.71
2026/09/23 17:59:14.368, 41472, 46068, 94, 283.73
2026/09/23 17:59:15.370, 41472, 46068, 96, 286.06
2026/09/23 17:59:16.372, 41472, 46068, 95, 285.69
2026/09/23 17:59:17.373, 41472, 46068, 96, 285.99
2026/09/23 17:59:18.374, 41472, 46068, 96, 285.67
2026/09/23 17:59:19.376, 41472, 46068, 92, 291.72
2026/09/23 17:59:20.378, 41472, 46068, 95, 284.17
2026/09/23 17:59:21.380, 41472, 46068, 96, 285.23
2026/09/23 17:59:22.381, 41472, 46068, 95, 285.93
2026/09/23 17:59:23.385, 41472, 46068, 94, 285.49
2026/09/23 17:59:24.386, 41472, 46068, 96, 285.79
2026/09/23 17:59:25.387, 41472, 46068, 95, 294.53
2026/09/23 17:59:26.389, 41472, 46068, 95, 288.61
2026/09/23 17:59:27.390, 41472, 46068, 96, 287.41
2026/09/23 17:59:28.392, 41472, 46068, 95, 287.00
2026/09/23 17:59:29.394, 41472, 46068, 95, 287.68
2026/09/23 17:59:30.396, 41472, 46068, 96, 288.70
2026/09/23 17:59:31.397, 41472, 46068, 95, 284.54
2026/09/23 17:59:32.398, 41472, 46068, 95, 288.44
2026/09/23 17:59:33.401, 41472, 46068, 96, 288.14
2026/09/23 17:59:34.402, 41472, 46068, 95, 288.70
2026/09/23 17:59:35.404, 41472, 46068, 95, 287.79
2026/09/23 17:59:36.406, 41472, 46068, 96, 287.73
2026/09/23 17:59:37.408, 41472, 46068, 95, 283.18
2026/09/23 17:59:38.409, 41472, 46068, 94, 288.95
2026/09/23 17:59:39.410, 41472, 46068, 95, 288.86
2026/09/23 17:59:40.412, 41472, 46068, 95, 288.02
2026/09/23 17:59:41.413, 41472, 46068, 95, 288.96
2026/09/23 17:59:42.415, 41472, 46068, 95, 288.12
2026/09/23 17:59:43.416, 41472, 46068, 95, 287.81
2026/09/23 17:59:44.418, 41472, 46068, 95, 288.88
2026/09/23 17:59:45.420, 41472, 46068, 96, 289.28
2026/09/23 17:59:46.422, 41472, 46068, 96, 288.49
2026/09/23 17:59:47.423, 41472, 46068, 95, 287.57
2026/09/23 17:59:48.425, 41472, 46068, 96, 288.42
2026/09/23 17:59:49.426, 41472, 46068, 96, 298.12
2026/09/23 17:59:50.427, 41472, 46068, 95, 288.80
2026/09/23 17:59:51.429, 41472, 46068, 95, 287.52
2026/09/23 17:59:52.431, 41472, 46068, 95, 288.27
2026/09/23 17:59:53.434, 41472, 46068, 96, 288.42
2026/09/23 17:59:54.436, 41472, 46068, 95, 288.17
2026/09/23 17:59:55.437, 41472, 46068, 95, 286.69
2026/09/23 17:59:56.438, 41472, 46068, 95, 288.32
2026/09/23 17:59:57.440, 41472, 46068, 96, 288.08
2026/09/23 17:59:58.441, 41472, 46068, 96, 289.43
2026/09/23 17:59:59.443, 41472, 46068, 95, 288.20
2026/09/23 18:00:00.444, 41472, 46068, 0, 220.96
2026/09/23 18:00:01.446, 41472, 46068, 0, 118.03
2026/09/23 18:00:02.448, 41472, 46068, 0, 97.17
2026/09/23 18:00:03.449, 41472, 46068, 0, 96.37
2026/09/23 18:00:04.451, 41472, 46068, 97, 262.11
2026/09/23 18:00:05.453, 41472, 46068, 96, 299.04
2026/09/23 18:00:06.455, 41472, 46068, 96, 300.39
2026/09/23 18:00:07.457, 41472, 46068, 96, 314.28
2026/09/23 18:00:08.459, 41472, 46068, 97, 305.84
2026/09/23 18:00:09.460, 41472, 46068, 96, 305.83
2026/09/23 18:00:10.462, 41472, 46068, 97, 300.61
2026/09/23 18:00:11.464, 41472, 46068, 97, 316.33
2026/09/23 18:00:12.465, 41472, 46068, 95, 334.38
2026/09/23 18:00:13.467, 41472, 46068, 96, 322.74
2026/09/23 18:00:14.469, 41472, 46068, 96, 343.13
2026/09/23 18:00:15.470, 41472, 46068, 96, 331.26
2026/09/23 18:00:16.471, 41472, 46068, 96, 338.02
2026/09/23 18:00:17.473, 41472, 46068, 98, 337.08
2026/09/23 18:00:18.474, 41472, 46068, 95, 345.94
2026/09/23 18:00:19.476, 41472, 46068, 98, 335.66
2026/09/23 18:00:20.478, 41472, 46068, 98, 348.67
2026/09/23 18:00:21.480, 41472, 46068, 98, 339.73
2026/09/23 18:00:22.482, 41472, 46068, 95, 335.20
2026/09/23 18:00:23.483, 41472, 46068, 95, 337.25
2026/09/23 18:00:24.485, 41472, 46068, 98, 319.93
2026/09/23 18:00:25.486, 41472, 46068, 95, 320.15
2026/09/23 18:00:26.488, 41472, 46068, 95, 318.14
2026/09/23 18:00:27.490, 41472, 46068, 95, 324.08
2026/09/23 18:00:28.491, 41472, 46068, 95, 320.96
2026/09/23 18:00:29.493, 41472, 46068, 98, 321.15
2026/09/23 18:00:30.495, 41472, 46068, 98, 331.32
2026/09/23 18:00:31.496, 41472, 46068, 100, 328.44
2026/09/23 18:00:32.497, 41472, 46068, 97, 327.79
2026/09/23 18:00:33.499, 41472, 46068, 95, 324.96
2026/09/23 18:00:34.500, 41472, 46068, 97, 339.89
2026/09/23 18:00:35.501, 41472, 46068, 97, 329.97
2026/09/23 18:00:36.503, 41472, 46068, 98, 328.50
2026/09/23 18:00:37.505, 41472, 46068, 98, 329.08
2026/09/23 18:00:38.506, 41472, 46068, 95, 320.65
2026/09/23 18:00:39.508, 41472, 46068, 97, 324.00
2026/09/23 18:00:40.509, 41472, 46068, 98, 314.69
2026/09/23 18:00:41.511, 41472, 46068, 96, 316.80
2026/09/23 18:00:42.513, 41472, 46068, 95, 318.12
2026/09/23 18:00:43.514, 41472, 46068, 98, 314.48
2026/09/23 18:00:44.515, 41472, 46068, 95, 330.23
2026/09/23 18:00:45.517, 41472, 46068, 95, 324.58
2026/09/23 18:00:46.518, 41472, 46068, 95, 323.30
2026/09/23 18:00:47.519, 41472, 46068, 95, 321.00
2026/09/23 18:00:48.521, 41472, 46068, 97, 325.26
2026/09/23 18:00:49.523, 41472, 46068, 97, 347.74
2026/09/23 18:00:50.524, 41472, 46068, 97, 340.96
2026/09/23 18:00:51.525, 41472, 46068, 95, 330.52
2026/09/23 18:00:52.526, 41472, 46068, 95, 342.90
2026/09/23 18:00:53.528, 41472, 46068, 95, 313.53
2026/09/23 18:00:54.529, 41472, 46068, 95, 339.54
2026/09/23 18:00:55.530, 41472, 46068, 98, 325.11
2026/09/23 18:00:56.531, 41472, 46068, 96, 341.15
2026/09/23 18:00:57.533, 41472, 46068, 95, 325.93
2026/09/23 18:00:58.534, 41472, 46068, 95, 319.73
2026/09/23 18:00:59.536, 41472, 46068, 95, 318.42
2026/09/23 18:01:00.537, 41472, 46068, 98, 316.55
2026/09/23 18:01:01.539, 41472, 46068, 94, 330.23
2026/09/23 18:01:02.540, 41472, 46068, 95, 325.97
2026/09/23 18:01:03.542, 41472, 46068, 94, 329.08
2026/09/23 18:01:04.544, 41472, 46068, 97, 325.63
2026/09/23 18:01:05.546, 41472, 46068, 97, 336.12
2026/09/23 18:01:06.547, 41472, 46068, 97, 321.21
2026/09/23 18:01:07.548, 41472, 46068, 97, 335.51
2026/09/23 18:01:08.549, 41472, 46068, 97, 328.95
2026/09/23 18:01:09.551, 41472, 46068, 97, 325.87
2026/09/23 18:01:10.552, 41472, 46068, 97, 345.35
2026/09/23 18:01:11.554, 41472, 46068, 95, 338.96
2026/09/23 18:01:12.556, 41472, 46068, 97, 321.57
2026/09/23 18:01:13.558, 41472, 46068, 96, 321.69
2026/09/23 18:01:14.560, 41472, 46068, 95, 323.18
2026/09/23 18:01:15.561, 41472, 46068, 95, 315.17
2026/09/23 18:01:16.563, 41472, 46068, 95, 322.44
2026/09/23 18:01:17.564, 41472, 46068, 94, 321.49
2026/09/23 18:01:18.566, 41472, 46068, 95, 322.57
2026/09/23 18:01:19.567, 41472, 46068, 98, 324.68
2026/09/23 18:01:20.568, 41472, 46068, 98, 320.42
2026/09/23 18:01:21.570, 41472, 46068, 95, 338.70
2026/09/23 18:01:22.571, 41472, 46068, 97, 331.45
2026/09/23 18:01:23.572, 41472, 46068, 97, 343.74
2026/09/23 18:01:24.573, 41472, 46068, 97, 354.66
2026/09/23 18:01:25.575, 41472, 46068, 97, 357.53
2026/09/23 18:01:26.577, 41472, 46068, 94, 328.45
2026/09/23 18:01:27.578, 41472, 46068, 96, 335.40
2026/09/23 18:01:28.579, 41472, 46068, 93, 327.02
2026/09/23 18:01:29.580, 41472, 46068, 95, 335.22
2026/09/23 18:01:30.582, 41472, 46068, 95, 332.36
2026/09/23 18:01:31.584, 41472, 46068, 95, 316.30
2026/09/23 18:01:32.586, 41472, 46068, 97, 324.75
2026/09/23 18:01:33.588, 41472, 46068, 95, 314.42
2026/09/23 18:01:34.590, 41472, 46068, 97, 330.21
2026/09/23 18:01:35.592, 41472, 46068, 95, 318.50
2026/09/23 18:01:36.594, 41472, 46068, 97, 317.74
2026/09/23 18:01:37.595, 41472, 46068, 97, 327.46
2026/09/23 18:01:38.597, 41472, 46068, 97, 345.76
2026/09/23 18:01:39.598, 41472, 46068, 97, 322.96
2026/09/23 18:01:40.599, 41472, 46068, 97, 342.73
2026/09/23 18:01:41.601, 41472, 46068, 97, 354.60
2026/09/23 18:01:42.602, 41472, 46068, 94, 314.78
2026/09/23 18:01:43.604, 41472, 46068, 93, 330.32
2026/09/23 18:01:44.605, 41472, 46068, 96, 324.31
2026/09/23 18:01:45.607, 41472, 46068, 95, 329.85
2026/09/23 18:01:46.609, 41472, 46068, 95, 337.60
2026/09/23 18:01:47.611, 41472, 46068, 95, 322.76
2026/09/23 18:01:48.612, 41472, 46068, 94, 313.89
2026/09/23 18:01:49.614, 41472, 46068, 98, 322.11
2026/09/23 18:01:50.615, 41472, 46068, 94, 323.96
2026/09/23 18:01:51.617, 41472, 46068, 98, 323.92
2026/09/23 18:01:52.618, 41472, 46068, 94, 324.21
2026/09/23 18:01:53.621, 41472, 46068, 97, 323.71
2026/09/23 18:01:54.623, 41472, 46068, 97, 331.15
2026/09/23 18:01:55.624, 41472, 46068, 97, 345.62
2026/09/23 18:01:56.625, 41472, 46068, 97, 316.67
2026/09/23 18:01:57.627, 41472, 46068, 97, 350.14
2026/09/23 18:01:58.628, 41472, 46068, 97, 362.24
2026/09/23 18:01:59.629, 41472, 46068, 97, 322.04
2026/09/23 18:02:00.632, 41472, 46068, 97, 342.90
2026/09/23 18:02:01.634, 41472, 46068, 95, 322.47
2026/09/23 18:02:02.635, 41472, 46068, 95, 322.69
2026/09/23 18:02:03.636, 41472, 46068, 95, 321.47
2026/09/23 18:02:04.638, 41472, 46068, 95, 319.13
2026/09/23 18:02:05.640, 41472, 46068, 97, 331.93
2026/09/23 18:02:06.641, 41472, 46068, 95, 330.02
2026/09/23 18:02:07.643, 41472, 46068, 95, 325.57
2026/09/23 18:02:08.644, 41472, 46068, 95, 323.97
2026/09/23 18:02:09.646, 41472, 46068, 97, 330.15
2026/09/23 18:02:10.649, 41472, 46068, 97, 334.00
2026/09/23 18:02:11.651, 41472, 46068, 97, 342.17
2026/09/23 18:02:12.652, 41472, 46068, 94, 333.55
2026/09/23 18:02:13.654, 41472, 46068, 97, 318.89
2026/09/23 18:02:14.656, 41472, 46068, 97, 341.06
2026/09/23 18:02:15.658, 41472, 46068, 94, 344.92
2026/09/23 18:02:16.660, 41472, 46068, 94, 317.82
2026/09/23 18:02:17.661, 41472, 46068, 95, 340.70
2026/09/23 18:02:18.663, 41472, 46068, 94, 316.53
2026/09/23 18:02:19.665, 41472, 46068, 95, 323.38
2026/09/23 18:02:20.666, 41472, 46068, 95, 319.36
2026/09/23 18:02:21.668, 41472, 46068, 94, 321.37
2026/09/23 18:02:22.670, 41472, 46068, 96, 334.53
2026/09/23 18:02:23.671, 41472, 46068, 98, 329.30
2026/09/23 18:02:24.673, 41472, 46068, 97, 325.55
2026/09/23 18:02:25.674, 41472, 46068, 95, 323.43
2026/09/23 18:02:26.676, 41472, 46068, 95, 326.35
2026/09/23 18:02:27.677, 41472, 46068, 97, 335.89
2026/09/23 18:02:28.679, 41472, 46068, 95, 327.70
2026/09/23 18:02:29.680, 41472, 46068, 97, 311.96
2026/09/23 18:02:30.682, 41472, 46068, 97, 318.55
2026/09/23 18:02:31.683, 41472, 46068, 97, 358.11
2026/09/23 18:02:32.685, 41472, 46068, 97, 348.75
2026/09/23 18:02:33.686, 41472, 46068, 97, 318.06
2026/09/23 18:02:34.688, 41472, 46068, 97, 332.61
2026/09/23 18:02:35.689, 41472, 46068, 95, 317.20
2026/09/23 18:02:36.690, 41472, 46068, 95, 331.99
2026/09/23 18:02:37.692, 41472, 46068, 95, 328.83
2026/09/23 18:02:38.694, 41472, 46068, 95, 319.04
2026/09/23 18:02:39.696, 41472, 46068, 97, 323.54
2026/09/23 18:02:40.698, 41472, 46068, 94, 318.85
2026/09/23 18:02:41.700, 41472, 46068, 95, 323.41
2026/09/23 18:02:42.702, 41472, 46068, 94, 326.88
2026/09/23 18:02:43.704, 41472, 46068, 97, 323.67
2026/09/23 18:02:44.706, 41472, 46068, 97, 326.91
2026/09/23 18:02:45.708, 41472, 46068, 97, 342.71
2026/09/23 18:02:46.709, 41472, 46068, 97, 317.54
2026/09/23 18:02:47.711, 41472, 46068, 94, 335.89
2026/09/23 18:02:48.714, 41472, 46068, 97, 363.61
2026/09/23 18:02:49.715, 41472, 46068, 97, 340.40
2026/09/23 18:02:50.717, 41472, 46068, 94, 317.77
2026/09/23 18:02:51.718, 41472, 46068, 97, 332.33
2026/09/23 18:02:52.720, 41472, 46068, 95, 326.03
2026/09/23 18:02:53.721, 41472, 46068, 95, 327.15
2026/09/23 18:02:54.723, 41472, 46068, 94, 331.07
2026/09/23 18:02:55.724, 41472, 46068, 94, 322.79
2026/09/23 18:02:56.725, 41472, 46068, 95, 327.20
2026/09/23 18:02:57.727, 41472, 46068, 95, 316.64
2026/09/23 18:02:58.730, 41472, 46068, 95, 324.48
2026/09/23 18:02:59.731, 41472, 46068, 94, 325.36
2026/09/23 18:03:00.732, 41472, 46068, 94, 327.46
2026/09/23 18:03:01.734, 41472, 46068, 94, 318.21
2026/09/23 18:03:02.736, 41472, 46068, 97, 334.14
2026/09/23 18:03:03.738, 41472, 46068, 97, 316.23
2026/09/23 18:03:04.740, 41472, 46068, 97, 321.67
2026/09/23 18:03:05.742, 41472, 46068, 94, 311.41
2026/09/23 18:03:06.743, 41472, 46068, 94, 339.19
2026/09/23 18:03:07.747, 41472, 46068, 97, 331.42
2026/09/23 18:03:08.749, 41472, 46068, 98, 325.61
2026/09/23 18:03:09.750, 41472, 46068, 95, 328.82
2026/09/23 18:03:10.751, 41472, 46068, 97, 323.48
2026/09/23 18:03:11.753, 41472, 46068, 95, 326.11
2026/09/23 18:03:12.754, 41472, 46068, 98, 321.50
2026/09/23 18:03:13.756, 41472, 46068, 93, 321.73
2026/09/23 18:03:14.756, 41472, 46068, 98, 330.53
2026/09/23 18:03:15.758, 41472, 46068, 93, 325.62
2026/09/23 18:03:16.760, 41472, 46068, 95, 326.14
2026/09/23 18:03:17.761, 41472, 46068, 95, 325.58
2026/09/23 18:03:18.763, 41472, 46068, 95, 328.69
2026/09/23 18:03:19.765, 41472, 46068, 95, 332.60
2026/09/23 18:03:20.766, 41472, 46068, 95, 353.35
2026/09/23 18:03:21.767, 41472, 46068, 98, 316.06
2026/09/23 18:03:22.769, 41472, 46068, 97, 321.24
2026/09/23 18:03:23.771, 41472, 46068, 95, 338.20
2026/09/23 18:03:24.772, 41472, 46068, 98, 337.58
2026/09/23 18:03:25.773, 41472, 46068, 97, 337.16
2026/09/23 18:03:26.774, 41472, 46068, 95, 329.03
2026/09/23 18:03:27.776, 41472, 46068, 95, 326.05
2026/09/23 18:03:28.777, 41472, 46068, 97, 336.77
2026/09/23 18:03:29.778, 41472, 46068, 98, 322.11
2026/09/23 18:03:30.780, 41472, 46068, 94, 327.65
2026/09/23 18:03:31.781, 41472, 46068, 98, 318.36
2026/09/23 18:03:32.783, 41472, 46068, 95, 327.99
2026/09/23 18:03:33.785, 41472, 46068, 95, 325.74
2026/09/23 18:03:34.786, 41472, 46068, 98, 331.14
2026/09/23 18:03:35.788, 41472, 46068, 98, 340.34
2026/09/23 18:03:36.789, 41472, 46068, 98, 315.58
2026/09/23 18:03:37.791, 41472, 46068, 95, 328.48
2026/09/23 18:03:38.792, 41472, 46068, 97, 337.40
2026/09/23 18:03:39.794, 41472, 46068, 98, 339.65
2026/09/23 18:03:40.796, 41472, 46068, 98, 334.66
2026/09/23 18:03:41.798, 41472, 46068, 97, 326.48
2026/09/23 18:03:42.800, 41472, 46068, 95, 335.87
2026/09/23 18:03:43.802, 41472, 46068, 95, 329.67
2026/09/23 18:03:44.804, 41472, 46068, 95, 324.66
2026/09/23 18:03:45.805, 41472, 46068, 95, 325.53
2026/09/23 18:03:46.807, 41472, 46068, 98, 311.50
2026/09/23 18:03:47.810, 41472, 46068, 95, 329.45
2026/09/23 18:03:48.812, 41472, 46068, 97, 319.23
2026/09/23 18:03:49.813, 41472, 46068, 95, 325.82
2026/09/23 18:03:50.815, 41472, 46068, 93, 333.86
2026/09/23 18:03:51.816, 41472, 46068, 95, 346.51
2026/09/23 18:03:52.817, 41472, 46068, 95, 337.40
2026/09/23 18:03:53.818, 41472, 46068, 97, 348.10
2026/09/23 18:03:54.820, 41472, 46068, 0, 172.84
2026/09/23 18:03:55.822, 41472, 46068, 0, 128.74
2026/09/23 18:03:56.823, 41472, 46068, 0, 101.34
2026/09/23 18:03:57.824, 41472, 46068, 0, 100.38
2026/09/23 18:03:58.826, 41472, 46068, 0, 99.97
2026/09/23 18:03:59.827, 41472, 46068, 0, 99.60
2026/09/23 18:04:00.828, 41472, 46068, 0, 99.03
2026/09/23 18:04:01.829, 41472, 46068, 0, 98.79
2026/09/23 18:04:02.831, 41472, 46068, 0, 98.30
2026/09/23 18:04:03.832, 41472, 46068, 95, 193.40
2026/09/23 18:04:04.834, 41472, 46068, 96, 286.82
2026/09/23 18:04:05.836, 41472, 46068, 96, 315.06
2026/09/23 18:04:06.837, 41472, 46068, 97, 311.39
2026/09/23 18:04:07.839, 41472, 46068, 97, 312.48
2026/09/23 18:04:08.841, 41472, 46068, 97, 301.01
2026/09/23 18:04:09.843, 41472, 46068, 97, 314.85
2026/09/23 18:04:10.844, 41472, 46068, 97, 309.25
2026/09/23 18:04:11.845, 41472, 46068, 96, 328.39
2026/09/23 18:04:12.847, 41472, 46068, 98, 318.67
2026/09/23 18:04:13.849, 41472, 46068, 98, 330.79
2026/09/23 18:04:14.850, 41472, 46068, 98, 329.77
2026/09/23 18:04:15.852, 41472, 46068, 96, 335.02
2026/09/23 18:04:16.855, 41472, 46068, 96, 332.78
2026/09/23 18:04:17.856, 41472, 46068, 98, 341.68
2026/09/23 18:04:18.858, 41472, 46068, 98, 328.06
2026/09/23 18:04:19.859, 41472, 46068, 97, 343.72
2026/09/23 18:04:20.860, 41472, 46068, 96, 337.74
2026/09/23 18:04:21.862, 41472, 46068, 98, 329.62
2026/09/23 18:04:22.866, 41472, 46068, 95, 334.47
2026/09/23 18:04:23.867, 41472, 46068, 92, 331.62
2026/09/23 18:04:24.869, 41472, 46068, 97, 322.92
2026/09/23 18:04:25.871, 41472, 46068, 95, 326.73
2026/09/23 18:04:26.872, 41472, 46068, 97, 328.97
2026/09/23 18:04:27.873, 41472, 46068, 94, 316.66
2026/09/23 18:04:28.875, 41472, 46068, 97, 329.45
2026/09/23 18:04:29.876, 41472, 46068, 97, 321.30
2026/09/23 18:04:30.878, 41472, 46068, 100, 331.13
2026/09/23 18:04:31.880, 41472, 46068, 98, 323.39
2026/09/23 18:04:32.882, 41472, 46068, 98, 337.52
2026/09/23 18:04:33.883, 41472, 46068, 97, 355.36
2026/09/23 18:04:34.885, 41472, 46068, 95, 345.02
2026/09/23 18:04:35.886, 41472, 46068, 95, 312.70
2026/09/23 18:04:36.887, 41472, 46068, 98, 338.96
2026/09/23 18:04:37.889, 41472, 46068, 97, 318.29
2026/09/23 18:04:38.890, 41472, 46068, 98, 314.38
2026/09/23 18:04:39.891, 41472, 46068, 95, 326.43
2026/09/23 18:04:40.906, 41472, 46068, 91, 331.22
2026/09/23 18:04:41.907, 41472, 46068, 95, 322.68
2026/09/23 18:04:42.908, 41472, 46068, 95, 319.74
2026/09/23 18:04:43.910, 41472, 46068, 97, 329.88
2026/09/23 18:04:44.911, 41472, 46068, 93, 318.76
2026/09/23 18:04:45.914, 41472, 46068, 95, 331.48
2026/09/23 18:04:46.915, 41472, 46068, 98, 331.45
2026/09/23 18:04:47.916, 41472, 46068, 98, 322.10
2026/09/23 18:04:48.917, 41472, 46068, 97, 324.21
2026/09/23 18:04:49.918, 41472, 46068, 97, 345.76
2026/09/23 18:04:50.920, 41472, 46068, 98, 348.28
2026/09/23 18:04:51.921, 41472, 46068, 98, 339.42
2026/09/23 18:04:52.922, 41472, 46068, 98, 327.79
2026/09/23 18:04:53.924, 41472, 46068, 98, 341.21
2026/09/23 18:04:54.925, 41472, 46068, 98, 323.42
2026/09/23 18:04:55.927, 41472, 46068, 95, 319.61
2026/09/23 18:04:56.928, 41472, 46068, 96, 328.39
2026/09/23 18:04:57.929, 41472, 46068, 95, 332.03
2026/09/23 18:04:58.931, 41472, 46068, 95, 327.43
2026/09/23 18:04:59.933, 41472, 46068, 95, 320.35
2026/09/23 18:05:00.935, 41472, 46068, 95, 325.70
2026/09/23 18:05:01.936, 41472, 46068, 95, 322.31
2026/09/23 18:05:02.938, 41472, 46068, 95, 327.66
2026/09/23 18:05:03.939, 41472, 46068, 97, 337.67
2026/09/23 18:05:04.941, 41472, 46068, 95, 307.54
2026/09/23 18:05:05.942, 41472, 46068, 95, 326.64
2026/09/23 18:05:06.944, 41472, 46068, 95, 343.84
2026/09/23 18:05:07.945, 41472, 46068, 95, 350.17
2026/09/23 18:05:08.947, 41472, 46068, 95, 327.00
2026/09/23 18:05:09.948, 41472, 46068, 95, 332.52
2026/09/23 18:05:10.950, 41472, 46068, 95, 322.51
2026/09/23 18:05:11.951, 41472, 46068, 96, 313.10
2026/09/23 18:05:12.953, 41472, 46068, 95, 312.95
2026/09/23 18:05:13.954, 41472, 46068, 95, 318.90
2026/09/23 18:05:14.956, 41472, 46068, 95, 319.73
2026/09/23 18:05:15.958, 41472, 46068, 95, 325.55
2026/09/23 18:05:16.959, 41472, 46068, 95, 326.14
2026/09/23 18:05:17.961, 41472, 46068, 95, 325.54
2026/09/23 18:05:18.962, 41472, 46068, 95, 323.20
2026/09/23 18:05:19.965, 41472, 46068, 94, 334.26
2026/09/23 18:05:20.966, 41472, 46068, 97, 331.53
2026/09/23 18:05:21.967, 41472, 46068, 100, 322.61
2026/09/23 18:05:22.969, 41472, 46068, 97, 338.54
2026/09/23 18:05:23.970, 41472, 46068, 97, 316.66
2026/09/23 18:05:24.971, 41472, 46068, 94, 336.34
2026/09/23 18:05:25.973, 41472, 46068, 97, 342.10
2026/09/23 18:05:26.974, 41472, 46068, 97, 344.08
2026/09/23 18:05:27.975, 41472, 46068, 95, 323.42
2026/09/23 18:05:28.977, 41472, 46068, 95, 319.26
2026/09/23 18:05:29.979, 41472, 46068, 94, 324.29
2026/09/23 18:05:30.980, 41472, 46068, 97, 329.42
2026/09/23 18:05:31.981, 41472, 46068, 98, 331.53
2026/09/23 18:05:32.986, 41472, 46068, 95, 323.51
2026/09/23 18:05:33.988, 41472, 46068, 98, 323.45
2026/09/23 18:05:34.989, 41472, 46068, 97, 324.80
2026/09/23 18:05:35.991, 41472, 46068, 97, 329.96
2026/09/23 18:05:36.993, 41472, 46068, 97, 335.92
2026/09/23 18:05:37.995, 41472, 46068, 97, 315.49
2026/09/23 18:05:38.996, 41472, 46068, 97, 344.73
2026/09/23 18:05:39.998, 41472, 46068, 97, 325.60
2026/09/23 18:05:40.999, 41472, 46068, 95, 307.53
2026/09/23 18:05:42.001, 41472, 46068, 100, 323.56
2026/09/23 18:05:43.004, 41472, 46068, 96, 356.91
2026/09/23 18:05:44.005, 41472, 46068, 97, 331.86
2026/09/23 18:05:45.007, 41472, 46068, 95, 321.69
2026/09/23 18:05:46.008, 41472, 46068, 95, 330.99
2026/09/23 18:05:47.010, 41472, 46068, 95, 319.74
2026/09/23 18:05:48.012, 41472, 46068, 97, 323.00
2026/09/23 18:05:49.013, 41472, 46068, 95, 325.18
2026/09/23 18:05:50.015, 41472, 46068, 95, 326.35
2026/09/23 18:05:51.016, 41472, 46068, 95, 325.07
2026/09/23 18:05:52.018, 41472, 46068, 97, 324.83
2026/09/23 18:05:53.019, 41472, 46068, 94, 324.23
2026/09/23 18:05:54.021, 41472, 46068, 98, 325.28
2026/09/23 18:05:55.022, 41472, 46068, 95, 332.10
2026/09/23 18:05:56.023, 41472, 46068, 97, 345.07
2026/09/23 18:05:57.024, 41472, 46068, 94, 322.88
2026/09/23 18:05:58.026, 41472, 46068, 96, 319.73
2026/09/23 18:05:59.027, 41472, 46068, 94, 311.95
2026/09/23 18:06:00.029, 41472, 46068, 97, 341.18
2026/09/23 18:06:01.031, 41472, 46068, 95, 329.99
2026/09/23 18:06:02.033, 41472, 46068, 95, 326.51
2026/09/23 18:06:03.035, 41472, 46068, 98, 324.50
2026/09/23 18:06:04.037, 41472, 46068, 95, 332.12
2026/09/23 18:06:05.038, 41472, 46068, 94, 328.65
2026/09/23 18:06:06.040, 41472, 46068, 97, 333.04
2026/09/23 18:06:07.041, 41472, 46068, 94, 322.71
2026/09/23 18:06:08.043, 41472, 46068, 98, 319.76
2026/09/23 18:06:09.044, 41472, 46068, 94, 326.76
2026/09/23 18:06:10.046, 41472, 46068, 97, 337.38
2026/09/23 18:06:11.048, 41472, 46068, 100, 320.47
2026/09/23 18:06:12.049, 41472, 46068, 97, 333.56
2026/09/23 18:06:13.051, 41472, 46068, 98, 320.45
2026/09/23 18:06:14.053, 41472, 46068, 94, 352.72
2026/09/23 18:06:15.055, 41472, 46068, 97, 358.92
2026/09/23 18:06:16.056, 41472, 46068, 97, 337.51
2026/09/23 18:06:17.057, 41472, 46068, 97, 333.61
2026/09/23 18:06:18.058, 41472, 46068, 95, 333.01
2026/09/23 18:06:19.060, 41472, 46068, 98, 327.37
2026/09/23 18:06:20.062, 41472, 46068, 95, 315.15
2026/09/23 18:06:21.063, 41472, 46068, 95, 325.57
2026/09/23 18:06:22.065, 41472, 46068, 94, 326.58
2026/09/23 18:06:23.066, 41472, 46068, 95, 330.38
2026/09/23 18:06:24.068, 41472, 46068, 94, 330.53
2026/09/23 18:06:25.070, 41472, 46068, 95, 325.57
2026/09/23 18:06:26.072, 41472, 46068, 97, 316.88
2026/09/23 18:06:27.074, 41472, 46068, 94, 330.75
2026/09/23 18:06:28.075, 41472, 46068, 97, 339.45
2026/09/23 18:06:29.077, 41472, 46068, 94, 324.87
2026/09/23 18:06:30.078, 41472, 46068, 97, 329.02
2026/09/23 18:06:31.080, 41472, 46068, 97, 359.22
2026/09/23 18:06:32.082, 41472, 46068, 97, 358.90
2026/09/23 18:06:33.083, 41472, 46068, 97, 327.87
2026/09/23 18:06:34.084, 41472, 46068, 94, 341.28
2026/09/23 18:06:35.086, 41472, 46068, 95, 331.46
2026/09/23 18:06:36.088, 41472, 46068, 95, 323.58
2026/09/23 18:06:37.089, 41472, 46068, 98, 316.84
2026/09/23 18:06:38.091, 41472, 46068, 95, 329.19
2026/09/23 18:06:39.093, 41472, 46068, 95, 323.88
2026/09/23 18:06:40.094, 41472, 46068, 97, 324.25
2026/09/23 18:06:41.095, 41472, 46068, 94, 329.15
2026/09/23 18:06:42.097, 41472, 46068, 95, 326.95
2026/09/23 18:06:43.099, 41472, 46068, 97, 320.41
2026/09/23 18:06:44.100, 41472, 46068, 97, 323.72
2026/09/23 18:06:45.102, 41472, 46068, 94, 331.99
2026/09/23 18:06:46.103, 41472, 46068, 98, 324.82
2026/09/23 18:06:47.105, 41472, 46068, 95, 331.17
2026/09/23 18:06:48.106, 41472, 46068, 97, 358.77
2026/09/23 18:06:49.108, 41472, 46068, 97, 348.49
2026/09/23 18:06:50.109, 41472, 46068, 95, 319.23
2026/09/23 18:06:51.110, 41472, 46068, 97, 333.66
2026/09/23 18:06:52.112, 41472, 46068, 98, 336.33
2026/09/23 18:06:53.113, 41472, 46068, 98, 319.54
2026/09/23 18:06:54.116, 41472, 46068, 95, 330.84
2026/09/23 18:06:55.117, 41472, 46068, 95, 332.20
2026/09/23 18:06:56.118, 41472, 46068, 97, 321.56
2026/09/23 18:06:57.119, 41472, 46068, 95, 324.44
2026/09/23 18:06:58.121, 41472, 46068, 97, 329.49
2026/09/23 18:06:59.123, 41472, 46068, 95, 318.85
2026/09/23 18:07:00.124, 41472, 46068, 97, 329.07
2026/09/23 18:07:01.125, 41472, 46068, 97, 324.51
2026/09/23 18:07:02.127, 41472, 46068, 100, 339.63
2026/09/23 18:07:03.128, 41472, 46068, 97, 317.66
2026/09/23 18:07:04.130, 41472, 46068, 97, 338.13
2026/09/23 18:07:05.132, 41472, 46068, 97, 350.87
2026/09/23 18:07:06.134, 41472, 46068, 94, 343.52
2026/09/23 18:07:07.135, 41472, 46068, 94, 306.82
2026/09/23 18:07:08.137, 41472, 46068, 97, 335.98
2026/09/23 18:07:09.138, 41472, 46068, 97, 312.16
2026/09/23 18:07:10.139, 41472, 46068, 97, 318.20
2026/09/23 18:07:11.141, 41472, 46068, 95, 320.40
2026/09/23 18:07:12.143, 41472, 46068, 95, 321.86
2026/09/23 18:07:13.144, 41472, 46068, 94, 323.23
2026/09/23 18:07:14.146, 41472, 46068, 97, 328.26
2026/09/23 18:07:15.147, 41472, 46068, 97, 328.16
2026/09/23 18:07:16.149, 41472, 46068, 95, 324.29
2026/09/23 18:07:17.150, 41472, 46068, 94, 326.52
2026/09/23 18:07:18.152, 41472, 46068, 97, 339.47
2026/09/23 18:07:19.153, 41472, 46068, 96, 306.89
2026/09/23 18:07:20.155, 41472, 46068, 97, 337.33
2026/09/23 18:07:21.156, 41472, 46068, 97, 323.62
2026/09/23 18:07:22.157, 41472, 46068, 97, 339.82
2026/09/23 18:07:23.159, 41472, 46068, 97, 341.89
2026/09/23 18:07:24.161, 41472, 46068, 97, 332.81
2026/09/23 18:07:25.162, 41472, 46068, 97, 341.14
2026/09/23 18:07:26.164, 41472, 46068, 98, 315.67
2026/09/23 18:07:27.166, 41472, 46068, 97, 319.00
2026/09/23 18:07:28.168, 41472, 46068, 95, 326.47
2026/09/23 18:07:29.170, 41472, 46068, 95, 328.17
2026/09/23 18:07:30.171, 41472, 46068, 95, 331.76
2026/09/23 18:07:31.173, 41472, 46068, 95, 323.43
2026/09/23 18:07:32.174, 41472, 46068, 95, 321.71
2026/09/23 18:07:33.175, 41472, 46068, 98, 319.01
2026/09/23 18:07:34.176, 41472, 46068, 98, 335.98
2026/09/23 18:07:35.178, 41472, 46068, 95, 342.15
2026/09/23 18:07:36.180, 41472, 46068, 98, 320.07
2026/09/23 18:07:37.181, 41472, 46068, 95, 330.72
2026/09/23 18:07:38.182, 41472, 46068, 97, 353.64
2026/09/23 18:07:39.184, 41472, 46068, 97, 355.99
2026/09/23 18:07:40.185, 41472, 46068, 98, 325.31
2026/09/23 18:07:41.187, 41472, 46068, 97, 339.20
2026/09/23 18:07:42.189, 41472, 46068, 95, 330.55
2026/09/23 18:07:43.191, 41472, 46068, 95, 322.45
2026/09/23 18:07:44.192, 41472, 46068, 95, 311.42
2026/09/23 18:07:45.194, 41472, 46068, 95, 321.00
2026/09/23 18:07:46.196, 41472, 46068, 98, 316.24
2026/09/23 18:07:47.197, 41472, 46068, 93, 325.88
2026/09/23 18:07:48.198, 41472, 46068, 98, 328.85
2026/09/23 18:07:49.200, 41472, 46068, 95, 326.26
2026/09/23 18:07:50.202, 41472, 46068, 95, 317.13
2026/09/23 18:07:51.204, 41472, 46068, 97, 325.87
2026/09/23 18:07:52.205, 41472, 46068, 98, 334.70
2026/09/23 18:07:53.207, 41472, 46068, 95, 299.14
2026/09/23 18:07:54.209, 41472, 46068, 0, 120.25
2026/09/23 18:07:55.211, 41472, 46068, 0, 100.69
2026/09/23 18:07:56.213, 41472, 46068, 0, 100.41
2026/09/23 18:07:57.214, 41472, 46068, 0, 99.63
2026/09/23 18:07:58.216, 41472, 46068, 0, 99.00
2026/09/23 18:07:59.217, 41472, 46068, 0, 98.51
2026/09/23 18:08:00.218, 41472, 46068, 0, 97.82
2026/09/23 18:08:01.219, 41472, 46068, 0, 97.58
