timestamp, memory.used [MiB], memory.total [MiB], utilization.gpu [%], power.draw [W]
2026/09/23 15:02:00.113, 3, 46068, 0, 25.43
2026/09/23 15:02:01.119, 3, 46068, 0, 25.82
2026/09/23 15:02:02.120, 3, 46068, 0, 26.45
2026/09/23 15:02:03.122, 3, 46068, 0, 25.57
2026/09/23 15:02:04.123, 3, 46068, 0, 25.45
2026/09/23 15:02:05.125, 3, 46068, 0, 25.96
2026/09/23 15:02:06.127, 3, 46068, 0, 25.68
2026/09/23 15:02:07.129, 3, 46068, 0, 27.37
2026/09/23 15:02:08.130, 3, 46068, 0, 27.13
2026/09/23 15:02:09.131, 3, 46068, 0, 22.64
2026/09/23 15:02:10.133, 3, 46068, 0, 23.67
2026/09/23 15:02:11.134, 3, 46068, 0, 24.30
2026/09/23 15:02:12.138, 3, 46068, 0, 23.77
2026/09/23 15:02:13.140, 3, 46068, 0, 24.30
2026/09/23 15:02:14.143, 3, 46068, 0, 24.59
2026/09/23 15:02:15.144, 3, 46068, 0, 25.73
2026/09/23 15:02:16.146, 3, 46068, 0, 26.22
2026/09/23 15:02:17.149, 3, 46068, 0, 24.84
2026/09/23 15:02:18.150, 3, 46068, 0, 26.02
2026/09/23 15:02:19.153, 3, 46068, 0, 26.29
2026/09/23 15:02:20.154, 3, 46068, 0, 25.46
2026/09/23 15:02:21.156, 3, 46068, 0, 25.34
2026/09/23 15:02:22.158, 3, 46068, 0, 25.35
2026/09/23 15:02:23.160, 3, 46068, 0, 25.49
2026/09/23 15:02:24.162, 3, 46068, 0, 25.24
2026/09/23 15:02:25.164, 3, 46068, 0, 25.86
2026/09/23 15:02:26.165, 3, 46068, 0, 25.10
2026/09/23 15:02:27.167, 3, 46068, 0, 24.84
2026/09/23 15:02:28.168, 3, 46068, 0, 25.48
2026/09/23 15:02:29.169, 3, 46068, 0, 24.61
2026/09/23 15:02:30.171, 3, 46068, 0, 25.48
2026/09/23 15:02:31.172, 3, 46068, 0, 26.10
2026/09/23 15:02:32.174, 3, 46068, 0, 25.61
2026/09/23 15:02:33.176, 3, 46068, 0, 25.35
2026/09/23 15:02:34.178, 3, 46068, 0, 24.72
2026/09/23 15:02:35.180, 3, 46068, 0, 25.98
2026/09/23 15:02:36.181, 3, 46068, 0, 24.99
2026/09/23 15:02:37.184, 3, 46068, 0, 24.74
2026/09/23 15:02:38.185, 3, 46068, 0, 24.74
2026/09/23 15:02:39.187, 505, 46068, 3, 45.49
2026/09/23 15:02:40.190, 6365, 46068, 1, 83.39
2026/09/23 15:02:41.197, 6365, 46068, 1, 82.59
2026/09/23 15:02:42.224, 6365, 46068, 16, 82.91
2026/09/23 15:02:43.226, 6365, 46068, 16, 84.07
2026/09/23 15:02:44.232, 6365, 46068, 18, 84.46
2026/09/23 15:02:45.282, 6583, 46068, 5, 84.36
2026/09/23 15:02:46.284, 6397, 46068, 0, 88.34
2026/09/23 15:02:47.286, 6397, 46068, 0, 83.03
2026/09/23 15:02:48.287, 6397, 46068, 0, 82.61
2026/09/23 15:02:49.288, 6397, 46068, 0, 82.57
2026/09/23 15:02:50.290, 6397, 46068, 0, 82.61
2026/09/23 15:02:51.292, 6397, 46068, 0, 82.37
2026/09/23 15:02:52.294, 6397, 46068, 0, 82.47
2026/09/23 15:02:53.295, 6397, 46068, 0, 82.59
2026/09/23 15:02:54.297, 6397, 46068, 0, 82.57
2026/09/23 15:02:55.298, 6397, 46068, 0, 82.55
2026/09/23 15:02:56.299, 6397, 46068, 0, 82.55
2026/09/23 15:02:57.301, 6397, 46068, 0, 82.97
2026/09/23 15:02:58.302, 6397, 46068, 0, 82.96
2026/09/23 15:02:59.304, 6397, 46068, 0, 82.94
2026/09/23 15:03:00.306, 6397, 46068, 0, 82.97
2026/09/23 15:03:01.308, 6397, 46068, 0, 82.84
2026/09/23 15:03:02.311, 6397, 46068, 0, 84.00
2026/09/23 15:03:03.313, 6397, 46068, 0, 83.59
2026/09/23 15:03:04.315, 6397, 46068, 0, 82.58
2026/09/23 15:03:05.317, 6397, 46068, 0, 84.03
2026/09/23 15:03:06.319, 6397, 46068, 0, 84.06
2026/09/23 15:03:07.320, 6397, 46068, 0, 83.79
2026/09/23 15:03:08.322, 6397, 46068, 0, 84.01
2026/09/23 15:03:09.325, 6397, 46068, 0, 84.04
2026/09/23 15:03:10.327, 6397, 46068, 0, 84.04
2026/09/23 15:03:11.329, 6399, 46068, 0, 84.01
2026/09/23 15:03:12.332, 6399, 46068, 0, 84.02
2026/09/23 15:03:13.333, 6399, 46068, 0, 84.09
2026/09/23 15:03:14.335, 6399, 46068, 0, 84.27
2026/09/23 15:03:15.338, 6399, 46068, 0, 84.17
2026/09/23 15:03:16.339, 6399, 46068, 0, 84.01
2026/09/23 15:03:17.341, 6399, 46068, 0, 84.12
2026/09/23 15:03:18.343, 6399, 46068, 0, 84.14
2026/09/23 15:03:19.345, 6399, 46068, 0, 83.78
2026/09/23 15:03:20.347, 6399, 46068, 0, 84.01
2026/09/23 15:03:21.349, 6399, 46068, 0, 83.75
2026/09/23 15:03:22.351, 6399, 46068, 0, 83.92
2026/09/23 15:03:23.352, 6399, 46068, 0, 83.56
2026/09/23 15:03:24.354, 6401, 46068, 0, 83.91
2026/09/23 15:03:25.355, 6401, 46068, 0, 83.47
2026/09/23 15:03:26.357, 6401, 46068, 0, 83.68
2026/09/23 15:03:27.359, 6401, 46068, 0, 83.53
2026/09/23 15:03:28.362, 6553, 46068, 0, 90.92
2026/09/23 15:03:29.364, 6745, 46068, 97, 201.84
2026/09/23 15:03:30.366, 6745, 46068, 94, 204.70
2026/09/23 15:03:31.368, 6745, 46068, 97, 207.12
2026/09/23 15:03:32.370, 6745, 46068, 95, 207.57
2026/09/23 15:03:33.372, 6745, 46068, 98, 208.52
2026/09/23 15:03:34.374, 6745, 46068, 95, 206.74
2026/09/23 15:03:35.376, 6745, 46068, 97, 205.58
2026/09/23 15:03:36.378, 6745, 46068, 97, 205.62
2026/09/23 15:03:37.381, 6745, 46068, 98, 210.09
2026/09/23 15:03:38.384, 6745, 46068, 97, 207.19
2026/09/23 15:03:39.386, 6745, 46068, 96, 209.01
2026/09/23 15:03:40.389, 6745, 46068, 95, 207.60
2026/09/23 15:03:41.392, 6745, 46068, 97, 207.07
2026/09/23 15:03:42.393, 6745, 46068, 98, 204.43
2026/09/23 15:03:43.395, 6745, 46068, 96, 209.93
2026/09/23 15:03:44.398, 6745, 46068, 98, 208.73
2026/09/23 15:03:45.400, 6745, 46068, 96, 209.11
2026/09/23 15:03:46.402, 6745, 46068, 97, 207.89
2026/09/23 15:03:47.404, 6745, 46068, 96, 207.38
2026/09/23 15:03:48.406, 6745, 46068, 98, 211.80
2026/09/23 15:03:49.409, 6745, 46068, 97, 209.73
2026/09/23 15:03:50.410, 6745, 46068, 98, 212.48
2026/09/23 15:03:51.412, 6745, 46068, 98, 210.34
2026/09/23 15:03:52.414, 6745, 46068, 97, 210.56
2026/09/23 15:03:53.416, 7211, 46068, 0, 151.39
2026/09/23 15:03:54.418, 6417, 46068, 16, 87.58
2026/09/23 15:03:55.421, 41171, 46068, 41, 154.75
2026/09/23 15:03:56.422, 41273, 46068, 30, 232.63
2026/09/23 15:03:57.424, 41327, 46068, 26, 210.72
2026/09/23 15:03:58.426, 41483, 46068, 26, 162.65
2026/09/23 15:03:59.428, 41561, 46068, 7, 119.07
2026/09/23 15:04:00.430, 42127, 46068, 0, 88.34
2026/09/23 15:04:01.433, 42127, 46068, 0, 87.95
2026/09/23 15:04:02.436, 42127, 46068, 0, 85.61
2026/09/23 15:04:03.438, 42127, 46068, 84, 160.94
2026/09/23 15:04:04.441, 42127, 46068, 83, 237.72
2026/09/23 15:04:05.443, 42127, 46068, 81, 234.87
2026/09/23 15:04:06.445, 42127, 46068, 83, 236.93
2026/09/23 15:04:07.446, 42127, 46068, 83, 239.29
2026/09/23 15:04:08.448, 42127, 46068, 84, 240.33
2026/09/23 15:04:09.450, 42127, 46068, 83, 238.91
2026/09/23 15:04:10.452, 42127, 46068, 86, 243.68
2026/09/23 15:04:11.454, 42127, 46068, 83, 240.96
2026/09/23 15:04:12.456, 42127, 46068, 83, 241.95
2026/09/23 15:04:13.458, 42127, 46068, 82, 239.59
2026/09/23 15:04:14.460, 42127, 46068, 82, 243.00
2026/09/23 15:04:15.462, 42127, 46068, 85, 252.79
2026/09/23 15:04:16.464, 42127, 46068, 83, 238.95
2026/09/23 15:04:17.466, 42127, 46068, 83, 244.29
2026/09/23 15:04:18.468, 42127, 46068, 83, 242.35
2026/09/23 15:04:19.470, 42127, 46068, 85, 243.06
2026/09/23 15:04:20.471, 42127, 46068, 83, 240.88
2026/09/23 15:04:21.473, 42127, 46068, 83, 241.87
2026/09/23 15:04:22.474, 42127, 46068, 84, 245.25
2026/09/23 15:04:23.476, 42127, 46068, 84, 238.19
2026/09/23 15:04:24.479, 42127, 46068, 82, 243.27
2026/09/23 15:04:25.482, 42127, 46068, 84, 253.89
2026/09/23 15:04:26.483, 42127, 46068, 84, 243.82
2026/09/23 15:04:27.485, 42127, 46068, 77, 245.38
2026/09/23 15:04:28.490, 42127, 46068, 82, 244.10
2026/09/23 15:04:29.491, 42127, 46068, 85, 248.83
2026/09/23 15:04:30.493, 42127, 46068, 68, 238.42
2026/09/23 15:04:31.497, 42127, 46068, 38, 198.29
2026/09/23 15:04:32.540, 42127, 46068, 44, 168.73
2026/09/23 15:04:33.562, 42127, 46068, 41, 173.96
2026/09/23 15:04:34.573, 42127, 46068, 43, 161.45
2026/09/23 15:04:35.574, 42127, 46068, 47, 193.88
2026/09/23 15:04:36.593, 42127, 46068, 38, 161.55
2026/09/23 15:04:37.602, 42127, 46068, 73, 214.31
2026/09/23 15:04:38.604, 42127, 46068, 76, 225.43
2026/09/23 15:04:39.609, 42127, 46068, 70, 234.74
2026/09/23 15:04:40.611, 42127, 46068, 75, 240.93
2026/09/23 15:04:41.613, 42127, 46068, 75, 236.81
2026/09/23 15:04:42.615, 42127, 46068, 82, 244.70
2026/09/23 15:04:43.617, 42127, 46068, 83, 250.69
2026/09/23 15:04:44.618, 42127, 46068, 84, 252.94
2026/09/23 15:04:45.621, 42127, 46068, 84, 259.04
2026/09/23 15:04:46.623, 42127, 46068, 84, 266.87
2026/09/23 15:04:47.624, 42127, 46068, 86, 251.58
2026/09/23 15:04:48.626, 42127, 46068, 85, 255.52
2026/09/23 15:04:49.627, 42127, 46068, 84, 268.87
2026/09/23 15:04:50.629, 42127, 46068, 83, 255.03
2026/09/23 15:04:51.631, 42127, 46068, 71, 251.95
2026/09/23 15:04:52.634, 42127, 46068, 85, 252.53
2026/09/23 15:04:53.635, 42127, 46068, 78, 249.33
2026/09/23 15:04:54.638, 42127, 46068, 78, 246.97
2026/09/23 15:04:55.639, 42127, 46068, 80, 250.80
2026/09/23 15:04:56.641, 42127, 46068, 83, 266.06
2026/09/23 15:04:57.642, 42127, 46068, 82, 270.48
2026/09/23 15:04:58.644, 42127, 46068, 79, 257.92
2026/09/23 15:04:59.645, 42127, 46068, 77, 267.48
2026/09/23 15:05:00.649, 42127, 46068, 84, 257.61
2026/09/23 15:05:01.650, 42127, 46068, 78, 255.84
2026/09/23 15:05:02.652, 42127, 46068, 78, 252.42
2026/09/23 15:05:03.653, 42127, 46068, 80, 256.50
2026/09/23 15:05:04.655, 42127, 46068, 83, 269.27
2026/09/23 15:05:05.656, 42127, 46068, 79, 256.90
2026/09/23 15:05:06.658, 42127, 46068, 84, 261.85
2026/09/23 15:05:07.659, 42127, 46068, 85, 277.33
2026/09/23 15:05:08.661, 42127, 46068, 84, 266.33
2026/09/23 15:05:09.663, 42127, 46068, 84, 269.80
2026/09/23 15:05:10.664, 42127, 46068, 86, 273.98
2026/09/23 15:05:11.668, 42127, 46068, 85, 272.36
2026/09/23 15:05:12.670, 42127, 46068, 84, 266.81
2026/09/23 15:05:13.671, 42127, 46068, 85, 274.38
2026/09/23 15:05:14.672, 42127, 46068, 81, 266.84
2026/09/23 15:05:15.674, 42127, 46068, 85, 266.64
2026/09/23 15:05:16.675, 42127, 46068, 86, 271.22
2026/09/23 15:05:17.677, 42127, 46068, 84, 279.33
2026/09/23 15:05:18.678, 42127, 46068, 86, 268.08
2026/09/23 15:05:19.680, 42127, 46068, 85, 271.27
2026/09/23 15:05:20.681, 42127, 46068, 85, 266.39
2026/09/23 15:05:21.683, 42127, 46068, 87, 270.83
2026/09/23 15:05:22.685, 42127, 46068, 87, 263.18
2026/09/23 15:05:23.687, 42127, 46068, 85, 265.77
2026/09/23 15:05:24.688, 42127, 46068, 89, 263.89
2026/09/23 15:05:25.690, 42127, 46068, 84, 269.02
2026/09/23 15:05:26.692, 42127, 46068, 86, 268.16
2026/09/23 15:05:27.694, 42127, 46068, 86, 278.87
2026/09/23 15:05:28.695, 42127, 46068, 83, 263.30
2026/09/23 15:05:29.696, 42127, 46068, 83, 267.27
2026/09/23 15:05:30.698, 42127, 46068, 83, 261.82
2026/09/23 15:05:31.699, 42127, 46068, 82, 262.76
2026/09/23 15:05:32.701, 42127, 46068, 83, 272.61
2026/09/23 15:05:33.702, 42127, 46068, 84, 263.15
2026/09/23 15:05:34.705, 42127, 46068, 87, 261.10
2026/09/23 15:05:35.707, 42127, 46068, 83, 261.80
2026/09/23 15:05:36.709, 42127, 46068, 84, 261.80
2026/09/23 15:05:37.710, 42127, 46068, 85, 258.33
2026/09/23 15:05:38.712, 42127, 46068, 83, 264.97
2026/09/23 15:05:39.713, 42127, 46068, 85, 257.79
2026/09/23 15:05:40.716, 42127, 46068, 84, 263.37
2026/09/23 15:05:41.718, 42127, 46068, 86, 265.18
2026/09/23 15:05:42.719, 42127, 46068, 86, 259.19
2026/09/23 15:05:43.721, 42127, 46068, 84, 262.74
2026/09/23 15:05:44.723, 42127, 46068, 84, 267.00
2026/09/23 15:05:45.724, 42127, 46068, 83, 262.40
2026/09/23 15:05:46.725, 42127, 46068, 83, 260.10
2026/09/23 15:05:47.727, 42127, 46068, 84, 253.30
2026/09/23 15:05:48.729, 42127, 46068, 85, 261.31
2026/09/23 15:05:49.731, 42127, 46068, 84, 257.27
2026/09/23 15:05:50.733, 42127, 46068, 83, 262.08
2026/09/23 15:05:51.735, 42127, 46068, 84, 265.07
2026/09/23 15:05:52.737, 42127, 46068, 85, 260.28
2026/09/23 15:05:53.738, 42127, 46068, 85, 263.74
2026/09/23 15:05:54.739, 42127, 46068, 85, 262.30
2026/09/23 15:05:55.741, 42127, 46068, 85, 265.28
2026/09/23 15:05:56.743, 42127, 46068, 86, 265.21
2026/09/23 15:05:57.744, 42127, 46068, 82, 266.32
2026/09/23 15:05:58.746, 42127, 46068, 83, 262.41
2026/09/23 15:05:59.748, 42127, 46068, 84, 260.90
2026/09/23 15:06:00.749, 42127, 46068, 84, 262.45
2026/09/23 15:06:01.751, 42127, 46068, 84, 264.29
2026/09/23 15:06:02.753, 42127, 46068, 83, 262.23
2026/09/23 15:06:03.755, 42127, 46068, 84, 265.66
2026/09/23 15:06:04.757, 42127, 46068, 84, 263.57
2026/09/23 15:06:05.760, 42127, 46068, 85, 266.35
2026/09/23 15:06:06.762, 42127, 46068, 84, 268.61
2026/09/23 15:06:07.763, 42127, 46068, 84, 277.58
2026/09/23 15:06:08.765, 42127, 46068, 83, 265.47
2026/09/23 15:06:09.766, 42127, 46068, 85, 278.09
2026/09/23 15:06:10.768, 42127, 46068, 85, 269.89
2026/09/23 15:06:11.770, 42127, 46068, 84, 267.21
2026/09/23 15:06:12.771, 42127, 46068, 85, 269.70
2026/09/23 15:06:13.773, 42127, 46068, 84, 267.55
2026/09/23 15:06:14.774, 42127, 46068, 84, 264.71
2026/09/23 15:06:15.776, 42127, 46068, 85, 268.92
2026/09/23 15:06:16.777, 42127, 46068, 85, 268.62
2026/09/23 15:06:17.779, 42127, 46068, 0, 238.72
2026/09/23 15:06:18.781, 42127, 46068, 0, 116.48
2026/09/23 15:06:19.783, 42127, 46068, 0, 98.36
2026/09/23 15:06:20.785, 42127, 46068, 0, 98.19
2026/09/23 15:06:21.787, 42127, 46068, 84, 261.00
2026/09/23 15:06:22.789, 42127, 46068, 84, 256.20
2026/09/23 15:06:23.791, 42127, 46068, 84, 272.70
2026/09/23 15:06:24.793, 42127, 46068, 84, 257.97
2026/09/23 15:06:25.794, 42127, 46068, 83, 270.46
2026/09/23 15:06:26.796, 42127, 46068, 83, 270.66
2026/09/23 15:06:27.797, 42127, 46068, 88, 258.73
2026/09/23 15:06:28.798, 42127, 46068, 83, 261.61
2026/09/23 15:06:29.804, 42127, 46068, 85, 262.03
2026/09/23 15:06:30.805, 42127, 46068, 85, 267.40
2026/09/23 15:06:31.807, 42127, 46068, 85, 263.55
2026/09/23 15:06:32.809, 42127, 46068, 84, 261.61
2026/09/23 15:06:33.811, 42127, 46068, 87, 273.06
2026/09/23 15:06:34.813, 42127, 46068, 89, 262.41
2026/09/23 15:06:35.814, 42127, 46068, 86, 264.76
2026/09/23 15:06:36.817, 42127, 46068, 84, 268.73
2026/09/23 15:06:37.818, 42127, 46068, 82, 273.73
2026/09/23 15:06:38.821, 42127, 46068, 88, 261.72
2026/09/23 15:06:39.822, 42127, 46068, 81, 261.04
2026/09/23 15:06:40.824, 42127, 46068, 84, 268.61
2026/09/23 15:06:41.825, 42127, 46068, 84, 268.80
2026/09/23 15:06:42.827, 42127, 46068, 83, 273.83
2026/09/23 15:06:43.829, 42127, 46068, 84, 267.12
2026/09/23 15:06:44.831, 42127, 46068, 85, 276.20
2026/09/23 15:06:45.832, 42127, 46068, 83, 267.83
2026/09/23 15:06:46.834, 42127, 46068, 85, 264.55
2026/09/23 15:06:47.836, 42127, 46068, 85, 276.89
2026/09/23 15:06:48.837, 42127, 46068, 89, 271.45
2026/09/23 15:06:49.839, 42127, 46068, 86, 265.78
2026/09/23 15:06:50.841, 42127, 46068, 84, 272.10
2026/09/23 15:06:51.843, 42127, 46068, 85, 280.26
2026/09/23 15:06:52.845, 42127, 46068, 88, 272.79
2026/09/23 15:06:53.846, 42127, 46068, 86, 281.58
2026/09/23 15:06:54.848, 42127, 46068, 86, 281.49
2026/09/23 15:06:55.849, 42127, 46068, 90, 279.25
2026/09/23 15:06:56.850, 42127, 46068, 85, 282.77
2026/09/23 15:06:57.852, 42127, 46068, 85, 284.84
2026/09/23 15:06:58.854, 42127, 46068, 84, 284.05
2026/09/23 15:06:59.856, 42127, 46068, 86, 282.71
2026/09/23 15:07:00.858, 42127, 46068, 85, 277.19
2026/09/23 15:07:01.859, 42127, 46068, 84, 284.02
2026/09/23 15:07:02.861, 42127, 46068, 88, 279.97
2026/09/23 15:07:03.863, 42127, 46068, 85, 279.11
2026/09/23 15:07:04.865, 42127, 46068, 86, 277.00
2026/09/23 15:07:05.867, 42127, 46068, 84, 298.40
2026/09/23 15:07:06.869, 42127, 46068, 85, 291.94
2026/09/23 15:07:07.871, 42127, 46068, 85, 296.16
2026/09/23 15:07:08.873, 42127, 46068, 86, 292.55
2026/09/23 15:07:09.875, 42127, 46068, 85, 278.28
2026/09/23 15:07:10.877, 42127, 46068, 85, 283.58
2026/09/23 15:07:11.880, 42127, 46068, 85, 288.11
2026/09/23 15:07:12.881, 42127, 46068, 84, 283.45
2026/09/23 15:07:13.883, 42127, 46068, 88, 279.42
2026/09/23 15:07:14.885, 42127, 46068, 85, 279.51
2026/09/23 15:07:15.886, 42127, 46068, 84, 278.47
2026/09/23 15:07:16.888, 42127, 46068, 83, 277.98
2026/09/23 15:07:17.890, 42127, 46068, 82, 263.70
2026/09/23 15:07:18.891, 42127, 46068, 81, 267.30
2026/09/23 15:07:19.893, 42127, 46068, 82, 275.90
2026/09/23 15:07:20.895, 42127, 46068, 81, 262.38
2026/09/23 15:07:21.898, 42127, 46068, 28, 225.55
2026/09/23 15:07:22.904, 42127, 46068, 38, 178.79
2026/09/23 15:07:23.906, 42127, 46068, 53, 194.84
2026/09/23 15:07:24.929, 42127, 46068, 86, 233.35
2026/09/23 15:07:25.931, 42127, 46068, 84, 262.38
2026/09/23 15:07:26.933, 42127, 46068, 85, 271.10
2026/09/23 15:07:27.935, 42127, 46068, 87, 269.72
2026/09/23 15:07:28.937, 42127, 46068, 87, 261.06
2026/09/23 15:07:29.940, 42127, 46068, 78, 252.63
2026/09/23 15:07:30.942, 42127, 46068, 81, 261.84
2026/09/23 15:07:31.944, 42127, 46068, 79, 249.66
2026/09/23 15:07:32.946, 42127, 46068, 78, 248.74
2026/09/23 15:07:33.947, 42127, 46068, 79, 262.63
2026/09/23 15:07:34.949, 42127, 46068, 79, 248.90
2026/09/23 15:07:35.951, 42127, 46068, 85, 262.74
2026/09/23 15:07:36.953, 42127, 46068, 85, 259.17
2026/09/23 15:07:37.954, 42127, 46068, 88, 270.14
2026/09/23 15:07:38.956, 42127, 46068, 85, 251.63
2026/09/23 15:07:39.957, 42127, 46068, 85, 262.45
2026/09/23 15:07:40.959, 42127, 46068, 88, 257.32
2026/09/23 15:07:41.961, 42127, 46068, 86, 249.63
2026/09/23 15:07:42.964, 42127, 46068, 83, 252.02
2026/09/23 15:07:43.968, 42127, 46068, 84, 258.10
2026/09/23 15:07:44.970, 42127, 46068, 85, 258.06
2026/09/23 15:07:45.972, 42127, 46068, 83, 248.23
2026/09/23 15:07:46.973, 42127, 46068, 31, 221.18
2026/09/23 15:07:47.976, 42127, 46068, 66, 216.54
2026/09/23 15:07:48.996, 42127, 46068, 79, 210.75
2026/09/23 15:07:50.004, 42127, 46068, 85, 251.80
2026/09/23 15:07:51.006, 42127, 46068, 88, 263.90
2026/09/23 15:07:52.012, 42127, 46068, 85, 259.87
2026/09/23 15:07:53.014, 42127, 46068, 83, 251.31
2026/09/23 15:07:54.016, 42127, 46068, 86, 263.31
2026/09/23 15:07:55.017, 42127, 46068, 83, 245.62
2026/09/23 15:07:56.018, 42127, 46068, 83, 243.80
2026/09/23 15:07:57.020, 42127, 46068, 84, 257.64
2026/09/23 15:07:58.022, 42127, 46068, 84, 246.97
2026/09/23 15:07:59.024, 42127, 46068, 85, 250.30
2026/09/23 15:08:00.025, 42127, 46068, 85, 256.36
2026/09/23 15:08:01.027, 42127, 46068, 88, 247.47
2026/09/23 15:08:02.029, 42127, 46068, 85, 252.05
2026/09/23 15:08:03.032, 42127, 46068, 84, 256.60
2026/09/23 15:08:04.034, 42127, 46068, 83, 256.71
2026/09/23 15:08:05.035, 42127, 46068, 88, 251.82
2026/09/23 15:08:06.037, 42127, 46068, 86, 249.69
2026/09/23 15:08:07.038, 42127, 46068, 84, 256.20
2026/09/23 15:08:08.040, 42127, 46068, 82, 251.26
2026/09/23 15:08:09.041, 42127, 46068, 85, 245.62
2026/09/23 15:08:10.043, 42127, 46068, 85, 248.37
2026/09/23 15:08:11.044, 42127, 46068, 83, 248.13
2026/09/23 15:08:12.045, 42127, 46068, 75, 242.61
2026/09/23 15:08:13.048, 42127, 46068, 82, 256.90
2026/09/23 15:08:14.050, 42127, 46068, 81, 259.62
2026/09/23 15:08:15.052, 42127, 46068, 89, 262.86
2026/09/23 15:08:16.054, 42127, 46068, 85, 259.22
2026/09/23 15:08:17.056, 42127, 46068, 38, 238.05
2026/09/23 15:08:18.082, 42127, 46068, 51, 174.10
2026/09/23 15:08:19.095, 42127, 46068, 42, 183.19
2026/09/23 15:08:20.122, 42127, 46068, 79, 219.02
2026/09/23 15:08:21.124, 42127, 46068, 76, 237.56
2026/09/23 15:08:22.125, 42127, 46068, 80, 248.06
2026/09/23 15:08:23.127, 42127, 46068, 78, 232.62
2026/09/23 15:08:24.150, 42127, 46068, 55, 198.23
2026/09/23 15:08:25.154, 42127, 46068, 81, 223.17
2026/09/23 15:08:26.156, 42127, 46068, 83, 249.74
2026/09/23 15:08:27.158, 42127, 46068, 84, 253.58
2026/09/23 15:08:28.159, 42127, 46068, 88, 262.73
2026/09/23 15:08:29.160, 42127, 46068, 83, 255.36
2026/09/23 15:08:30.163, 42127, 46068, 84, 254.81
2026/09/23 15:08:31.164, 42127, 46068, 84, 260.61
2026/09/23 15:08:32.166, 42127, 46068, 81, 247.47
2026/09/23 15:08:33.168, 42127, 46068, 84, 254.97
2026/09/23 15:08:34.169, 42127, 46068, 82, 248.43
2026/09/23 15:08:35.172, 42127, 46068, 84, 247.69
2026/09/23 15:08:36.174, 42127, 46068, 83, 239.01
2026/09/23 15:08:37.175, 42127, 46068, 83, 260.80
2026/09/23 15:08:38.177, 42127, 46068, 87, 247.01
2026/09/23 15:08:39.180, 42127, 46068, 84, 244.50
2026/09/23 15:08:40.182, 42127, 46068, 83, 251.25
2026/09/23 15:08:41.184, 42127, 46068, 0, 210.29
2026/09/23 15:08:42.186, 42127, 46068, 0, 115.09
2026/09/23 15:08:43.189, 42127, 46068, 0, 89.60
2026/09/23 15:08:44.191, 42127, 46068, 0, 89.42
2026/09/23 15:08:45.196, 42127, 46068, 80, 229.53
2026/09/23 15:08:46.198, 42127, 46068, 83, 238.19
2026/09/23 15:08:47.199, 42127, 46068, 82, 241.09
2026/09/23 15:08:48.201, 42127, 46068, 87, 253.13
2026/09/23 15:08:49.204, 42127, 46068, 88, 276.01
2026/09/23 15:08:50.205, 42127, 46068, 85, 262.60
2026/09/23 15:08:51.207, 42127, 46068, 86, 258.70
2026/09/23 15:08:52.209, 42127, 46068, 90, 288.04
2026/09/23 15:08:53.210, 42127, 46068, 89, 267.75
2026/09/23 15:08:54.212, 42127, 46068, 86, 280.97
2026/09/23 15:08:55.213, 42127, 46068, 92, 264.22
2026/09/23 15:08:56.215, 42127, 46068, 85, 274.08
2026/09/23 15:08:57.217, 42127, 46068, 84, 292.74
2026/09/23 15:08:58.219, 42127, 46068, 89, 284.55
2026/09/23 15:08:59.221, 42127, 46068, 85, 294.23
2026/09/23 15:09:00.222, 42127, 46068, 89, 311.47
2026/09/23 15:09:01.224, 42127, 46068, 90, 279.95
2026/09/23 15:09:02.226, 42127, 46068, 90, 282.66
2026/09/23 15:09:03.228, 42127, 46068, 85, 295.54
2026/09/23 15:09:04.230, 42127, 46068, 81, 272.29
2026/09/23 15:09:05.231, 42127, 46068, 88, 291.48
2026/09/23 15:09:06.233, 42127, 46068, 92, 288.73
2026/09/23 15:09:07.234, 42127, 46068, 84, 290.97
2026/09/23 15:09:08.236, 42127, 46068, 85, 276.67
2026/09/23 15:09:09.238, 42127, 46068, 86, 275.10
2026/09/23 15:09:10.239, 42127, 46068, 85, 271.85
2026/09/23 15:09:11.240, 42127, 46068, 88, 272.30
2026/09/23 15:09:12.241, 42127, 46068, 86, 269.25
2026/09/23 15:09:13.243, 42127, 46068, 93, 277.45
2026/09/23 15:09:14.244, 42127, 46068, 92, 290.51
2026/09/23 15:09:15.246, 42127, 46068, 86, 277.65
2026/09/23 15:09:16.247, 42127, 46068, 85, 273.76
2026/09/23 15:09:17.249, 42127, 46068, 89, 277.95
2026/09/23 15:09:18.250, 42127, 46068, 85, 285.46
2026/09/23 15:09:19.252, 42127, 46068, 86, 264.96
2026/09/23 15:09:20.253, 42127, 46068, 80, 271.32
2026/09/23 15:09:21.255, 42127, 46068, 83, 276.99
2026/09/23 15:09:22.256, 42127, 46068, 84, 271.53
2026/09/23 15:09:23.259, 42127, 46068, 85, 270.92
2026/09/23 15:09:24.261, 42127, 46068, 85, 283.73
2026/09/23 15:09:25.262, 42127, 46068, 86, 286.64
2026/09/23 15:09:26.264, 42127, 46068, 88, 276.73
2026/09/23 15:09:27.266, 42127, 46068, 88, 258.79
2026/09/23 15:09:28.268, 42127, 46068, 88, 263.15
2026/09/23 15:09:29.269, 42127, 46068, 90, 294.51
2026/09/23 15:09:30.271, 42127, 46068, 86, 286.10
2026/09/23 15:09:31.273, 42127, 46068, 85, 303.26
2026/09/23 15:09:32.275, 42127, 46068, 87, 274.63
2026/09/23 15:09:33.276, 42127, 46068, 85, 289.00
2026/09/23 15:09:34.278, 42127, 46068, 88, 306.77
2026/09/23 15:09:35.280, 42127, 46068, 86, 293.96
2026/09/23 15:09:36.282, 42127, 46068, 86, 299.52
2026/09/23 15:09:37.284, 42127, 46068, 89, 297.71
2026/09/23 15:09:38.286, 42127, 46068, 86, 315.51
2026/09/23 15:09:39.287, 42127, 46068, 87, 291.50
2026/09/23 15:09:40.289, 42127, 46068, 86, 292.07
2026/09/23 15:09:41.291, 42127, 46068, 86, 310.52
2026/09/23 15:09:42.292, 42127, 46068, 87, 288.83
2026/09/23 15:09:43.294, 42127, 46068, 85, 286.78
2026/09/23 15:09:44.295, 42127, 46068, 85, 303.88
2026/09/23 15:09:45.297, 42127, 46068, 89, 286.39
2026/09/23 15:09:46.298, 42127, 46068, 85, 282.52
2026/09/23 15:09:47.300, 42127, 46068, 87, 284.48
2026/09/23 15:09:48.301, 42127, 46068, 85, 294.99
2026/09/23 15:09:49.303, 42127, 46068, 85, 272.45
2026/09/23 15:09:50.304, 42127, 46068, 87, 281.66
2026/09/23 15:09:51.306, 42127, 46068, 84, 288.70
2026/09/23 15:09:52.308, 42127, 46068, 85, 295.69
2026/09/23 15:09:53.309, 42127, 46068, 85, 272.77
2026/09/23 15:09:54.310, 42127, 46068, 87, 305.02
2026/09/23 15:09:55.311, 42127, 46068, 95, 285.65
2026/09/23 15:09:56.313, 42127, 46068, 84, 287.96
2026/09/23 15:09:57.314, 42127, 46068, 86, 282.39
2026/09/23 15:09:58.316, 42127, 46068, 88, 293.48
2026/09/23 15:09:59.318, 42127, 46068, 85, 298.31
2026/09/23 15:10:00.319, 42127, 46068, 90, 282.96
2026/09/23 15:10:01.321, 42127, 46068, 84, 287.52
2026/09/23 15:10:02.323, 42127, 46068, 84, 288.79
2026/09/23 15:10:03.325, 42127, 46068, 89, 286.30
2026/09/23 15:10:04.326, 42127, 46068, 84, 311.46
2026/09/23 15:10:05.328, 42127, 46068, 88, 280.41
2026/09/23 15:10:06.329, 42127, 46068, 85, 279.72
2026/09/23 15:10:07.331, 42127, 46068, 84, 285.49
2026/09/23 15:10:08.332, 42127, 46068, 84, 289.21
2026/09/23 15:10:09.333, 42127, 46068, 84, 284.62
2026/09/23 15:10:10.335, 42127, 46068, 93, 314.10
2026/09/23 15:10:11.337, 42127, 46068, 85, 307.19
2026/09/23 15:10:12.339, 42127, 46068, 85, 298.57
2026/09/23 15:10:13.340, 42127, 46068, 88, 304.57
2026/09/23 15:10:14.342, 42127, 46068, 84, 310.14
2026/09/23 15:10:15.343, 42127, 46068, 90, 288.61
2026/09/23 15:10:16.345, 42127, 46068, 87, 297.05
2026/09/23 15:10:17.347, 42127, 46068, 86, 299.15
2026/09/23 15:10:18.349, 42127, 46068, 89, 303.18
2026/09/23 15:10:19.351, 42127, 46068, 89, 292.12
2026/09/23 15:10:20.353, 42127, 46068, 82, 307.60
2026/09/23 15:10:21.355, 42127, 46068, 85, 300.03
2026/09/23 15:10:22.356, 42127, 46068, 83, 310.18
2026/09/23 15:10:23.357, 42127, 46068, 83, 294.84
2026/09/23 15:10:24.358, 42127, 46068, 84, 286.45
2026/09/23 15:10:25.360, 42127, 46068, 92, 309.38
2026/09/23 15:10:26.362, 42127, 46068, 87, 312.70
2026/09/23 15:10:27.363, 42127, 46068, 86, 310.62
2026/09/23 15:10:28.365, 42127, 46068, 89, 298.00
2026/09/23 15:10:29.366, 42127, 46068, 84, 301.42
2026/09/23 15:10:30.368, 42127, 46068, 90, 293.17
2026/09/23 15:10:31.369, 42127, 46068, 85, 305.39
2026/09/23 15:10:32.372, 42127, 46068, 84, 309.10
2026/09/23 15:10:33.373, 42127, 46068, 87, 327.74
2026/09/23 15:10:34.375, 42127, 46068, 84, 300.48
2026/09/23 15:10:35.377, 42127, 46068, 88, 305.78
2026/09/23 15:10:36.379, 42127, 46068, 85, 307.80
2026/09/23 15:10:37.380, 42127, 46068, 86, 313.35
2026/09/23 15:10:38.381, 42127, 46068, 84, 304.54
2026/09/23 15:10:39.384, 42127, 46068, 86, 307.07
2026/09/23 15:10:40.385, 42127, 46068, 94, 288.48
2026/09/23 15:10:41.387, 42127, 46068, 85, 279.89
2026/09/23 15:10:42.389, 42127, 46068, 84, 297.77
2026/09/23 15:10:43.391, 42127, 46068, 85, 282.73
2026/09/23 15:10:44.392, 42127, 46068, 84, 306.72
2026/09/23 15:10:45.394, 42127, 46068, 86, 291.95
2026/09/23 15:10:46.396, 42127, 46068, 86, 286.59
2026/09/23 15:10:47.398, 42127, 46068, 88, 295.69
2026/09/23 15:10:48.399, 42127, 46068, 84, 284.43
2026/09/23 15:10:49.401, 42127, 46068, 85, 287.42
2026/09/23 15:10:50.404, 42127, 46068, 85, 288.07
2026/09/23 15:10:51.406, 42127, 46068, 85, 283.70
2026/09/23 15:10:52.408, 42127, 46068, 87, 278.67
2026/09/23 15:10:53.410, 42127, 46068, 87, 289.47
2026/09/23 15:10:54.412, 42127, 46068, 87, 286.51
2026/09/23 15:10:55.414, 42127, 46068, 88, 310.68
2026/09/23 15:10:56.415, 42127, 46068, 86, 297.36
2026/09/23 15:10:57.417, 42127, 46068, 90, 276.70
2026/09/23 15:10:58.419, 42127, 46068, 86, 288.73
2026/09/23 15:10:59.420, 42127, 46068, 86, 288.02
2026/09/23 15:11:00.422, 42127, 46068, 86, 271.58
2026/09/23 15:11:01.424, 42127, 46068, 87, 290.43
2026/09/23 15:11:02.425, 42127, 46068, 87, 286.14
2026/09/23 15:11:03.426, 42127, 46068, 86, 281.86
2026/09/23 15:11:04.428, 42127, 46068, 83, 273.50
2026/09/23 15:11:05.429, 42127, 46068, 88, 278.49
2026/09/23 15:11:06.432, 42127, 46068, 84, 274.49
2026/09/23 15:11:07.434, 42127, 46068, 84, 291.11
2026/09/23 15:11:08.435, 42127, 46068, 86, 304.77
2026/09/23 15:11:09.437, 42127, 46068, 86, 275.73
2026/09/23 15:11:10.439, 42127, 46068, 0, 117.77
2026/09/23 15:11:11.441, 42127, 46068, 0, 94.70
2026/09/23 15:11:12.443, 42127, 46068, 0, 94.47
2026/09/23 15:11:13.444, 42127, 46068, 0, 93.33
2026/09/23 15:11:14.446, 42127, 46068, 82, 179.34
2026/09/23 15:11:15.447, 42127, 46068, 89, 253.03
2026/09/23 15:11:16.448, 42127, 46068, 88, 274.60
2026/09/23 15:11:17.450, 42127, 46068, 84, 262.10
2026/09/23 15:11:18.451, 42127, 46068, 86, 287.14
2026/09/23 15:11:19.453, 42127, 46068, 91, 294.93
2026/09/23 15:11:20.456, 42127, 46068, 89, 299.19
2026/09/23 15:11:21.457, 42127, 46068, 86, 284.55
2026/09/23 15:11:22.459, 42127, 46068, 91, 310.93
2026/09/23 15:11:23.461, 42127, 46068, 92, 310.81
2026/09/23 15:11:24.462, 42127, 46068, 94, 307.56
2026/09/23 15:11:25.464, 42127, 46068, 95, 309.70
2026/09/23 15:11:26.466, 42127, 46068, 90, 300.09
2026/09/23 15:11:27.467, 42127, 46068, 89, 313.51
2026/09/23 15:11:28.469, 42127, 46068, 88, 305.97
2026/09/23 15:11:29.471, 42127, 46068, 89, 309.15
2026/09/23 15:11:30.472, 42127, 46068, 94, 320.34
2026/09/23 15:11:31.474, 42127, 46068, 91, 332.58
2026/09/23 15:11:32.475, 42127, 46068, 89, 320.12
2026/09/23 15:11:33.476, 42127, 46068, 94, 333.83
2026/09/23 15:11:34.478, 42127, 46068, 91, 317.36
2026/09/23 15:11:35.480, 42127, 46068, 92, 306.95
2026/09/23 15:11:36.482, 42127, 46068, 94, 319.71
2026/09/23 15:11:37.484, 42127, 46068, 92, 311.19
2026/09/23 15:11:38.497, 42127, 46068, 92, 314.26
2026/09/23 15:11:39.499, 42127, 46068, 91, 314.21
2026/09/23 15:11:40.502, 42127, 46068, 94, 296.87
2026/09/23 15:11:41.504, 42127, 46068, 90, 295.79
2026/09/23 15:11:42.505, 42127, 46068, 91, 304.96
2026/09/23 15:11:43.507, 42127, 46068, 94, 319.52
2026/09/23 15:11:44.509, 42127, 46068, 89, 307.89
2026/09/23 15:11:45.512, 42127, 46068, 86, 320.07
2026/09/23 15:11:46.514, 42127, 46068, 89, 309.89
2026/09/23 15:11:47.516, 42127, 46068, 94, 336.97
2026/09/23 15:11:48.517, 42127, 46068, 91, 291.15
2026/09/23 15:11:49.519, 42127, 46068, 92, 298.77
2026/09/23 15:11:50.521, 42127, 46068, 92, 324.80
2026/09/23 15:11:51.523, 42127, 46068, 89, 308.76
2026/09/23 15:11:52.525, 42127, 46068, 91, 314.93
2026/09/23 15:11:53.527, 42127, 46068, 90, 306.31
2026/09/23 15:11:54.529, 42127, 46068, 91, 301.34
2026/09/23 15:11:55.530, 42127, 46068, 89, 325.64
2026/09/23 15:11:56.532, 42127, 46068, 91, 323.38
2026/09/23 15:11:57.533, 42127, 46068, 95, 317.70
2026/09/23 15:11:58.536, 42127, 46068, 88, 321.09
2026/09/23 15:11:59.539, 42127, 46068, 88, 307.64
2026/09/23 15:12:00.540, 42127, 46068, 94, 319.89
2026/09/23 15:12:01.542, 42127, 46068, 94, 303.09
2026/09/23 15:12:02.543, 42127, 46068, 92, 294.26
2026/09/23 15:12:03.545, 42127, 46068, 94, 315.94
2026/09/23 15:12:04.547, 42127, 46068, 94, 306.71
2026/09/23 15:12:05.550, 42127, 46068, 95, 297.21
2026/09/23 15:12:06.552, 42127, 46068, 92, 336.80
2026/09/23 15:12:07.553, 42127, 46068, 94, 323.69
2026/09/23 15:12:08.555, 42127, 46068, 97, 323.59
2026/09/23 15:12:09.557, 42127, 46068, 93, 321.60
2026/09/23 15:12:10.559, 42127, 46068, 89, 314.33
2026/09/23 15:12:11.560, 42127, 46068, 89, 318.55
2026/09/23 15:12:12.562, 42127, 46068, 91, 339.51
2026/09/23 15:12:13.564, 42127, 46068, 88, 322.91
2026/09/23 15:12:14.565, 42127, 46068, 86, 314.16
2026/09/23 15:12:15.567, 42127, 46068, 92, 312.82
2026/09/23 15:12:16.569, 42127, 46068, 87, 306.04
2026/09/23 15:12:17.572, 42127, 46068, 91, 323.10
2026/09/23 15:12:18.574, 42127, 46068, 90, 318.04
2026/09/23 15:12:19.575, 42127, 46068, 97, 330.86
2026/09/23 15:12:20.577, 42127, 46068, 92, 302.59
2026/09/23 15:12:21.579, 42127, 46068, 90, 314.95
2026/09/23 15:12:22.580, 42127, 46068, 95, 305.78
2026/09/23 15:12:23.582, 42127, 46068, 92, 318.02
2026/09/23 15:12:24.585, 42127, 46068, 94, 328.90
2026/09/23 15:12:25.586, 42127, 46068, 97, 321.10
2026/09/23 15:12:26.588, 42127, 46068, 94, 313.95
2026/09/23 15:12:27.589, 42127, 46068, 90, 318.00
2026/09/23 15:12:28.591, 42127, 46068, 94, 318.89
2026/09/23 15:12:29.593, 42127, 46068, 94, 291.83
2026/09/23 15:12:30.595, 42127, 46068, 90, 307.08
2026/09/23 15:12:31.597, 42127, 46068, 91, 324.27
2026/09/23 15:12:32.598, 42127, 46068, 91, 320.17
2026/09/23 15:12:33.599, 42127, 46068, 88, 318.20
2026/09/23 15:12:34.601, 42127, 46068, 89, 317.27
2026/09/23 15:12:35.603, 42127, 46068, 89, 307.32
2026/09/23 15:12:36.605, 42127, 46068, 94, 323.87
2026/09/23 15:12:37.607, 42127, 46068, 94, 311.27
2026/09/23 15:12:38.610, 42127, 46068, 91, 310.89
2026/09/23 15:12:39.612, 42127, 46068, 93, 330.00
2026/09/23 15:12:40.614, 42127, 46068, 91, 299.57
2026/09/23 15:12:41.615, 42127, 46068, 91, 305.48
2026/09/23 15:12:42.617, 42127, 46068, 86, 316.85
2026/09/23 15:12:43.618, 42127, 46068, 87, 304.48
2026/09/23 15:12:44.620, 42127, 46068, 97, 328.07
2026/09/23 15:12:45.622, 42127, 46068, 91, 293.53
2026/09/23 15:12:46.624, 42127, 46068, 92, 296.04
2026/09/23 15:12:47.626, 42127, 46068, 92, 310.11
2026/09/23 15:12:48.628, 42127, 46068, 89, 318.55
2026/09/23 15:12:49.630, 42127, 46068, 92, 315.83
2026/09/23 15:12:50.632, 42127, 46068, 88, 321.71
2026/09/23 15:12:51.633, 42127, 46068, 91, 305.71
2026/09/23 15:12:52.635, 42127, 46068, 86, 331.58
2026/09/23 15:12:53.637, 42127, 46068, 95, 314.54
2026/09/23 15:12:54.639, 42127, 46068, 94, 293.02
2026/09/23 15:12:55.641, 42127, 46068, 91, 330.05
2026/09/23 15:12:56.643, 42127, 46068, 89, 313.42
2026/09/23 15:12:57.645, 42127, 46068, 90, 320.33
2026/09/23 15:12:58.646, 42127, 46068, 97, 315.83
2026/09/23 15:12:59.648, 42127, 46068, 92, 322.09
2026/09/23 15:13:00.650, 42127, 46068, 93, 326.86
2026/09/23 15:13:01.651, 42127, 46068, 91, 302.83
2026/09/23 15:13:02.654, 42127, 46068, 98, 307.95
2026/09/23 15:13:03.655, 42127, 46068, 93, 312.47
2026/09/23 15:13:04.657, 42127, 46068, 95, 332.11
2026/09/23 15:13:05.659, 42127, 46068, 95, 325.49
2026/09/23 15:13:06.662, 42127, 46068, 93, 311.04
2026/09/23 15:13:07.664, 42127, 46068, 91, 319.89
2026/09/23 15:13:08.665, 42127, 46068, 95, 312.67
2026/09/23 15:13:09.668, 42127, 46068, 92, 332.67
2026/09/23 15:13:10.669, 42127, 46068, 91, 302.29
2026/09/23 15:13:11.672, 42127, 46068, 97, 334.03
2026/09/23 15:13:12.674, 42127, 46068, 93, 324.70
2026/09/23 15:13:13.675, 42127, 46068, 90, 324.04
2026/09/23 15:13:14.677, 42127, 46068, 97, 320.04
2026/09/23 15:13:15.679, 42127, 46068, 97, 316.73
2026/09/23 15:13:16.681, 42127, 46068, 91, 320.78
2026/09/23 15:13:17.683, 42127, 46068, 93, 326.80
2026/09/23 15:13:18.685, 42127, 46068, 97, 320.52
2026/09/23 15:13:19.688, 42127, 46068, 88, 315.33
2026/09/23 15:13:20.690, 42127, 46068, 92, 332.60
2026/09/23 15:13:21.691, 42127, 46068, 92, 322.55
2026/09/23 15:13:22.694, 42127, 46068, 89, 310.60
2026/09/23 15:13:23.696, 42127, 46068, 89, 320.59
2026/09/23 15:13:24.698, 42127, 46068, 89, 322.13
2026/09/23 15:13:25.700, 42127, 46068, 94, 322.52
2026/09/23 15:13:26.702, 42127, 46068, 90, 329.21
2026/09/23 15:13:27.704, 42127, 46068, 92, 349.28
2026/09/23 15:13:28.706, 42127, 46068, 90, 328.32
2026/09/23 15:13:29.708, 42127, 46068, 97, 307.76
2026/09/23 15:13:30.710, 42127, 46068, 92, 311.23
2026/09/23 15:13:31.712, 42127, 46068, 92, 334.05
2026/09/23 15:13:32.714, 42127, 46068, 97, 320.38
2026/09/23 15:13:33.715, 42127, 46068, 92, 315.17
2026/09/23 15:13:34.717, 42127, 46068, 91, 347.19
2026/09/23 15:13:35.719, 42127, 46068, 97, 314.22
2026/09/23 15:13:36.722, 42127, 46068, 91, 316.72
2026/09/23 15:13:37.723, 42127, 46068, 92, 337.43
2026/09/23 15:13:38.725, 42127, 46068, 90, 334.02
2026/09/23 15:13:39.726, 42127, 46068, 92, 335.77
2026/09/23 15:13:40.728, 42127, 46068, 90, 322.38
2026/09/23 15:13:41.730, 42127, 46068, 94, 331.97
2026/09/23 15:13:42.732, 42127, 46068, 88, 331.46
2026/09/23 15:13:43.734, 42127, 46068, 94, 306.96
2026/09/23 15:13:44.735, 42127, 46068, 86, 289.75
2026/09/23 15:13:45.737, 42127, 46068, 89, 314.80
2026/09/23 15:13:46.739, 42127, 46068, 94, 326.01
2026/09/23 15:13:47.741, 42127, 46068, 88, 327.84
2026/09/23 15:13:48.743, 42127, 46068, 86, 310.86
2026/09/23 15:13:49.745, 42127, 46068, 91, 332.00
2026/09/23 15:13:50.747, 42127, 46068, 90, 316.38
2026/09/23 15:13:51.749, 42127, 46068, 94, 356.60
2026/09/23 15:13:52.750, 42127, 46068, 92, 328.86
2026/09/23 15:13:53.753, 42127, 46068, 92, 324.20
2026/09/23 15:13:54.755, 42127, 46068, 91, 319.51
2026/09/23 15:13:55.757, 42127, 46068, 94, 316.24
2026/09/23 15:13:56.759, 42127, 46068, 92, 320.75
2026/09/23 15:13:57.761, 42127, 46068, 89, 298.56
2026/09/23 15:13:58.764, 42127, 46068, 91, 319.80
2026/09/23 15:13:59.766, 42127, 46068, 87, 287.03
2026/09/23 15:14:00.768, 42127, 46068, 92, 310.71
2026/09/23 15:14:01.770, 42127, 46068, 92, 295.63
2026/09/23 15:14:02.771, 42127, 46068, 97, 321.36
2026/09/23 15:14:03.773, 42127, 46068, 91, 311.70
2026/09/23 15:14:04.775, 42127, 46068, 92, 317.32
2026/09/23 15:14:05.777, 42127, 46068, 94, 318.07
2026/09/23 15:14:06.778, 42127, 46068, 90, 321.07
2026/09/23 15:14:07.781, 42127, 46068, 88, 296.23
2026/09/23 15:14:08.783, 42127, 46068, 89, 305.68
2026/09/23 15:14:09.785, 42127, 46068, 90, 318.76
2026/09/23 15:14:10.787, 42127, 46068, 91, 312.84
2026/09/23 15:14:11.789, 42127, 46068, 92, 313.08
2026/09/23 15:14:12.792, 42127, 46068, 89, 313.53
2026/09/23 15:14:13.795, 42127, 46068, 92, 301.78
2026/09/23 15:14:14.797, 42127, 46068, 92, 327.00
2026/09/23 15:14:15.799, 42127, 46068, 92, 339.42
2026/09/23 15:14:16.801, 42127, 46068, 94, 314.39
2026/09/23 15:14:17.803, 42127, 46068, 87, 318.24
2026/09/23 15:14:18.805, 42127, 46068, 92, 316.84
2026/09/23 15:14:19.807, 42127, 46068, 90, 309.13
2026/09/23 15:14:20.809, 42127, 46068, 93, 306.87
2026/09/23 15:14:21.811, 42127, 46068, 90, 304.79
2026/09/23 15:14:22.813, 42127, 46068, 92, 316.22
2026/09/23 15:14:23.814, 42127, 46068, 92, 340.34
2026/09/23 15:14:24.816, 42127, 46068, 91, 334.21
2026/09/23 15:14:25.818, 42127, 46068, 94, 332.12
2026/09/23 15:14:26.820, 42127, 46068, 87, 306.60
2026/09/23 15:14:27.822, 42127, 46068, 88, 308.24
2026/09/23 15:14:28.824, 42127, 46068, 95, 321.51
2026/09/23 15:14:29.826, 42127, 46068, 92, 298.38
2026/09/23 15:14:30.828, 42127, 46068, 91, 319.32
2026/09/23 15:14:31.830, 42127, 46068, 90, 300.61
2026/09/23 15:14:32.832, 42127, 46068, 91, 279.07
2026/09/23 15:14:33.835, 42127, 46068, 89, 298.08
2026/09/23 15:14:34.836, 42127, 46068, 88, 314.05
2026/09/23 15:14:35.838, 42127, 46068, 91, 322.41
2026/09/23 15:14:36.840, 42127, 46068, 92, 313.35
2026/09/23 15:14:37.842, 42127, 46068, 87, 309.49
2026/09/23 15:14:38.844, 42127, 46068, 94, 316.10
2026/09/23 15:14:39.846, 42127, 46068, 91, 321.66
2026/09/23 15:14:40.848, 42127, 46068, 92, 341.19
2026/09/23 15:14:41.850, 42127, 46068, 90, 313.69
2026/09/23 15:14:42.852, 42127, 46068, 94, 310.35
2026/09/23 15:14:43.854, 42127, 46068, 94, 326.97
2026/09/23 15:14:44.855, 42127, 46068, 89, 309.02
2026/09/23 15:14:45.857, 42127, 46068, 89, 313.98
2026/09/23 15:14:46.859, 42127, 46068, 84, 308.72
2026/09/23 15:14:47.860, 42127, 46068, 93, 303.12
2026/09/23 15:14:48.862, 42127, 46068, 91, 298.81
2026/09/23 15:14:49.864, 42127, 46068, 94, 311.33
2026/09/23 15:14:50.866, 42127, 46068, 89, 311.93
2026/09/23 15:14:51.868, 42127, 46068, 89, 318.83
2026/09/23 15:14:52.870, 42127, 46068, 89, 318.71
2026/09/23 15:14:53.872, 42127, 46068, 89, 319.87
2026/09/23 15:14:54.874, 42127, 46068, 0, 117.63
2026/09/23 15:14:55.876, 42127, 46068, 0, 90.27
2026/09/23 15:14:56.877, 42127, 46068, 0, 89.95
2026/09/23 15:14:57.879, 42127, 46068, 0, 89.45
2026/09/23 15:14:58.881, 42127, 46068, 0, 88.75
2026/09/23 15:14:59.883, 42127, 46068, 0, 88.65
2026/09/23 15:15:00.885, 42127, 46068, 0, 88.55
2026/09/23 15:15:01.887, 42127, 46068, 0, 88.38
2026/09/23 15:15:02.889, 42127, 46068, 0, 88.01
2026/09/23 15:15:03.891, 42127, 46068, 0, 157.00
2026/09/23 15:15:04.892, 42127, 46068, 86, 258.03
2026/09/23 15:15:05.894, 42127, 46068, 89, 278.94
2026/09/23 15:15:06.896, 42127, 46068, 86, 274.57
2026/09/23 15:15:07.897, 42127, 46068, 93, 292.14
2026/09/23 15:15:08.899, 42127, 46068, 91, 268.72
2026/09/23 15:15:09.901, 42127, 46068, 86, 292.13
2026/09/23 15:15:10.902, 42127, 46068, 95, 324.19
2026/09/23 15:15:11.905, 42127, 46068, 92, 299.33
2026/09/23 15:15:12.906, 42127, 46068, 93, 322.44
2026/09/23 15:15:13.908, 42127, 46068, 92, 323.14
2026/09/23 15:15:14.910, 42127, 46068, 92, 309.46
2026/09/23 15:15:15.911, 42127, 46068, 96, 351.11
2026/09/23 15:15:16.914, 42127, 46068, 94, 320.45
2026/09/23 15:15:17.916, 42127, 46068, 93, 331.45
2026/09/23 15:15:18.917, 42127, 46068, 93, 318.74
2026/09/23 15:15:19.919, 42129, 46068, 93, 339.30
2026/09/23 15:15:20.921, 42129, 46068, 93, 322.61
2026/09/23 15:15:21.923, 42129, 46068, 96, 328.82
2026/09/23 15:15:22.925, 42129, 46068, 97, 346.62
2026/09/23 15:15:23.927, 42129, 46068, 96, 359.18
2026/09/23 15:15:24.929, 42129, 46068, 93, 331.59
2026/09/23 15:15:25.930, 42129, 46068, 93, 323.98
2026/09/23 15:15:26.931, 42129, 46068, 92, 329.01
2026/09/23 15:15:27.933, 42129, 46068, 96, 333.80
2026/09/23 15:15:28.935, 42129, 46068, 91, 320.46
2026/09/23 15:15:29.937, 42129, 46068, 96, 330.90
2026/09/23 15:15:30.939, 42129, 46068, 94, 323.04
2026/09/23 15:15:31.940, 42129, 46068, 93, 333.02
2026/09/23 15:15:32.943, 42129, 46068, 96, 334.84
2026/09/23 15:15:33.945, 42129, 46068, 96, 320.95
2026/09/23 15:15:34.947, 42129, 46068, 90, 316.16
2026/09/23 15:15:35.950, 42129, 46068, 97, 324.47
2026/09/23 15:15:36.952, 42129, 46068, 96, 332.14
2026/09/23 15:15:37.954, 42129, 46068, 93, 309.85
2026/09/23 15:15:38.955, 42129, 46068, 97, 318.05
2026/09/23 15:15:39.957, 42129, 46068, 91, 315.50
2026/09/23 15:15:40.959, 42129, 46068, 93, 332.86
2026/09/23 15:15:41.961, 42129, 46068, 90, 336.17
2026/09/23 15:15:42.963, 42129, 46068, 97, 321.24
2026/09/23 15:15:43.965, 42129, 46068, 89, 333.42
2026/09/23 15:15:44.967, 42129, 46068, 95, 339.21
2026/09/23 15:15:45.969, 42129, 46068, 91, 319.80
2026/09/23 15:15:46.972, 42129, 46068, 96, 323.53
2026/09/23 15:15:47.974, 42129, 46068, 92, 323.96
2026/09/23 15:15:48.976, 42129, 46068, 96, 319.35
2026/09/23 15:15:49.978, 42129, 46068, 96, 340.55
2026/09/23 15:15:50.980, 42129, 46068, 92, 336.51
2026/09/23 15:15:51.982, 42129, 46068, 88, 332.36
2026/09/23 15:15:52.983, 42129, 46068, 92, 348.29
2026/09/23 15:15:53.985, 42129, 46068, 92, 323.93
2026/09/23 15:15:54.986, 42129, 46068, 89, 315.12
2026/09/23 15:15:55.988, 42129, 46068, 95, 330.67
2026/09/23 15:15:56.991, 42129, 46068, 93, 317.46
2026/09/23 15:15:57.993, 42129, 46068, 91, 318.26
2026/09/23 15:15:58.995, 42129, 46068, 91, 320.71
2026/09/23 15:15:59.997, 42129, 46068, 88, 330.03
2026/09/23 15:16:00.999, 42129, 46068, 96, 346.22
2026/09/23 15:16:02.001, 42129, 46068, 96, 331.13
2026/09/23 15:16:03.003, 42129, 46068, 99, 329.55
2026/09/23 15:16:04.004, 42129, 46068, 92, 348.47
2026/09/23 15:16:05.006, 42129, 46068, 93, 330.52
2026/09/23 15:16:06.008, 42129, 46068, 96, 337.86
2026/09/23 15:16:07.009, 42129, 46068, 90, 346.27
2026/09/23 15:16:08.012, 42129, 46068, 90, 297.74
2026/09/23 15:16:09.014, 42129, 46068, 92, 340.10
2026/09/23 15:16:10.015, 42129, 46068, 96, 329.37
2026/09/23 15:16:11.017, 42129, 46068, 93, 321.93
2026/09/23 15:16:12.019, 42129, 46068, 92, 338.89
2026/09/23 15:16:13.021, 42129, 46068, 92, 330.33
2026/09/23 15:16:14.022, 42129, 46068, 92, 334.43
2026/09/23 15:16:15.024, 42129, 46068, 96, 331.34
2026/09/23 15:16:16.025, 42129, 46068, 93, 311.15
2026/09/23 15:16:17.028, 42129, 46068, 91, 339.89
2026/09/23 15:16:18.029, 42129, 46068, 96, 319.31
2026/09/23 15:16:19.031, 42129, 46068, 96, 332.46
2026/09/23 15:16:20.033, 42129, 46068, 96, 337.69
2026/09/23 15:16:21.034, 42129, 46068, 95, 347.92
2026/09/23 15:16:22.036, 42129, 46068, 93, 340.52
2026/09/23 15:16:23.037, 42129, 46068, 92, 335.01
2026/09/23 15:16:24.040, 42129, 46068, 92, 299.91
2026/09/23 15:16:25.042, 42129, 46068, 88, 317.57
2026/09/23 15:16:26.044, 42129, 46068, 97, 316.24
2026/09/23 15:16:27.045, 42129, 46068, 96, 321.96
2026/09/23 15:16:28.047, 42129, 46068, 97, 319.88
2026/09/23 15:16:29.050, 42129, 46068, 93, 325.50
2026/09/23 15:16:30.052, 42129, 46068, 96, 336.73
2026/09/23 15:16:31.054, 42129, 46068, 96, 345.94
2026/09/23 15:16:32.056, 42129, 46068, 96, 324.71
2026/09/23 15:16:33.058, 42129, 46068, 90, 341.99
2026/09/23 15:16:34.063, 42129, 46068, 95, 321.56
2026/09/23 15:16:35.084, 42129, 46068, 61, 293.47
2026/09/23 15:16:36.101, 42129, 46068, 95, 315.93
2026/09/23 15:16:37.106, 42129, 46068, 94, 340.54
2026/09/23 15:16:38.108, 42129, 46068, 94, 319.84
2026/09/23 15:16:39.110, 42129, 46068, 91, 306.62
2026/09/23 15:16:40.111, 42129, 46068, 97, 332.57
2026/09/23 15:16:41.114, 42129, 46068, 88, 329.49
2026/09/23 15:16:42.115, 42129, 46068, 96, 328.10
2026/09/23 15:16:43.117, 42129, 46068, 96, 324.35
2026/09/23 15:16:44.119, 42129, 46068, 91, 337.63
2026/09/23 15:16:45.121, 42129, 46068, 95, 340.20
2026/09/23 15:16:46.122, 42129, 46068, 91, 348.92
2026/09/23 15:16:47.127, 42129, 46068, 79, 338.33
2026/09/23 15:16:48.134, 42129, 46068, 78, 333.18
2026/09/23 15:16:49.155, 42129, 46068, 82, 306.23
2026/09/23 15:16:50.163, 42129, 46068, 84, 341.73
2026/09/23 15:16:51.166, 42129, 46068, 89, 330.45
2026/09/23 15:16:52.169, 42129, 46068, 93, 353.47
2026/09/23 15:16:53.170, 42129, 46068, 95, 316.57
2026/09/23 15:16:54.177, 42129, 46068, 85, 299.82
2026/09/23 15:16:55.179, 42129, 46068, 79, 320.26
2026/09/23 15:16:56.184, 42129, 46068, 89, 331.73
2026/09/23 15:16:57.186, 42129, 46068, 94, 330.01
2026/09/23 15:16:58.188, 42129, 46068, 92, 326.73
2026/09/23 15:16:59.190, 42129, 46068, 92, 340.26
2026/09/23 15:17:00.192, 42129, 46068, 95, 341.63
2026/09/23 15:17:01.194, 42129, 46068, 95, 346.56
2026/09/23 15:17:02.197, 42129, 46068, 95, 338.69
2026/09/23 15:17:03.199, 42129, 46068, 96, 342.90
2026/09/23 15:17:04.200, 42129, 46068, 92, 332.98
2026/09/23 15:17:05.202, 42129, 46068, 92, 326.97
2026/09/23 15:17:06.203, 42129, 46068, 92, 329.80
2026/09/23 15:17:07.206, 42129, 46068, 87, 330.29
2026/09/23 15:17:08.207, 42129, 46068, 91, 362.32
2026/09/23 15:17:09.209, 42129, 46068, 91, 332.07
2026/09/23 15:17:10.210, 42129, 46068, 90, 318.17
2026/09/23 15:17:11.213, 42129, 46068, 91, 333.19
2026/09/23 15:17:12.215, 42129, 46068, 96, 333.11
2026/09/23 15:17:13.216, 42129, 46068, 90, 343.18
2026/09/23 15:17:14.218, 42129, 46068, 95, 336.26
2026/09/23 15:17:15.219, 42129, 46068, 96, 344.60
2026/09/23 15:17:16.221, 42129, 46068, 95, 355.96
2026/09/23 15:17:17.223, 42129, 46068, 92, 338.10
2026/09/23 15:17:18.224, 42129, 46068, 100, 328.88
2026/09/23 15:17:19.225, 42129, 46068, 91, 325.67
2026/09/23 15:17:20.226, 42129, 46068, 96, 330.94
2026/09/23 15:17:21.228, 42129, 46068, 91, 332.12
2026/09/23 15:17:22.230, 42129, 46068, 91, 343.20
2026/09/23 15:17:23.233, 42129, 46068, 96, 315.28
2026/09/23 15:17:24.235, 42129, 46068, 96, 336.83
2026/09/23 15:17:25.237, 42129, 46068, 93, 338.96
2026/09/23 15:17:26.239, 42129, 46068, 90, 335.98
2026/09/23 15:17:27.240, 42129, 46068, 96, 335.45
2026/09/23 15:17:28.242, 42129, 46068, 94, 324.82
2026/09/23 15:17:29.243, 42129, 46068, 92, 330.39
2026/09/23 15:17:30.245, 42129, 46068, 92, 339.42
2026/09/23 15:17:31.247, 42129, 46068, 92, 313.56
2026/09/23 15:17:32.249, 42129, 46068, 100, 341.27
2026/09/23 15:17:33.251, 42129, 46068, 96, 346.78
2026/09/23 15:17:34.253, 42129, 46068, 95, 342.17
2026/09/23 15:17:35.255, 42129, 46068, 96, 328.26
2026/09/23 15:17:36.257, 42129, 46068, 91, 331.21
2026/09/23 15:17:37.259, 42129, 46068, 93, 346.06
2026/09/23 15:17:38.260, 42129, 46068, 91, 328.55
2026/09/23 15:17:39.262, 42129, 46068, 97, 322.82
2026/09/23 15:17:40.265, 42129, 46068, 89, 319.87
2026/09/23 15:17:41.267, 42129, 46068, 93, 333.68
2026/09/23 15:17:42.269, 42129, 46068, 96, 335.20
2026/09/23 15:17:43.271, 42129, 46068, 85, 342.65
2026/09/23 15:17:44.274, 42129, 46068, 96, 331.40
2026/09/23 15:17:45.276, 42129, 46068, 95, 321.67
2026/09/23 15:17:46.278, 42129, 46068, 96, 338.63
2026/09/23 15:17:47.279, 42129, 46068, 95, 329.19
2026/09/23 15:17:48.280, 42129, 46068, 97, 342.83
2026/09/23 15:17:49.281, 42129, 46068, 97, 308.19
2026/09/23 15:17:50.283, 42129, 46068, 92, 340.87
2026/09/23 15:17:51.285, 42129, 46068, 96, 337.44
2026/09/23 15:17:52.287, 42129, 46068, 94, 345.81
2026/09/23 15:17:53.289, 42129, 46068, 92, 312.87
2026/09/23 15:17:54.291, 42129, 46068, 96, 327.42
2026/09/23 15:17:55.293, 42129, 46068, 97, 327.36
2026/09/23 15:17:56.294, 42129, 46068, 89, 329.49
2026/09/23 15:17:57.296, 42129, 46068, 94, 343.71
2026/09/23 15:17:58.299, 42129, 46068, 94, 338.61
2026/09/23 15:17:59.301, 42129, 46068, 91, 343.24
2026/09/23 15:18:00.302, 42129, 46068, 93, 325.41
2026/09/23 15:18:01.305, 42129, 46068, 94, 341.95
2026/09/23 15:18:02.306, 42129, 46068, 96, 329.39
2026/09/23 15:18:03.307, 42129, 46068, 96, 339.59
2026/09/23 15:18:04.309, 42129, 46068, 96, 336.64
2026/09/23 15:18:05.311, 42129, 46068, 95, 341.62
2026/09/23 15:18:06.313, 42129, 46068, 96, 328.23
2026/09/23 15:18:07.315, 42129, 46068, 89, 347.84
2026/09/23 15:18:08.316, 42129, 46068, 88, 355.66
2026/09/23 15:18:09.330, 42129, 46068, 91, 321.56
2026/09/23 15:18:10.342, 42129, 46068, 94, 324.61
2026/09/23 15:18:11.344, 42129, 46068, 90, 335.70
2026/09/23 15:18:12.345, 42129, 46068, 94, 326.63
2026/09/23 15:18:13.347, 42129, 46068, 89, 341.35
2026/09/23 15:18:14.349, 42129, 46068, 96, 334.11
2026/09/23 15:18:15.351, 42129, 46068, 89, 334.90
2026/09/23 15:18:16.353, 42129, 46068, 92, 350.22
2026/09/23 15:18:17.355, 42129, 46068, 95, 323.08
2026/09/23 15:18:18.357, 42129, 46068, 92, 345.91
2026/09/23 15:18:19.359, 42129, 46068, 91, 340.07
2026/09/23 15:18:20.360, 42129, 46068, 96, 330.97
2026/09/23 15:18:21.361, 42129, 46068, 94, 311.15
2026/09/23 15:18:22.363, 42129, 46068, 91, 348.46
2026/09/23 15:18:23.365, 42129, 46068, 91, 345.63
2026/09/23 15:18:24.367, 42129, 46068, 91, 335.95
2026/09/23 15:18:25.369, 42129, 46068, 96, 319.34
2026/09/23 15:18:26.371, 42129, 46068, 93, 325.50
2026/09/23 15:18:27.373, 42129, 46068, 96, 322.27
2026/09/23 15:18:28.374, 42129, 46068, 96, 339.38
2026/09/23 15:18:29.376, 42129, 46068, 91, 321.70
2026/09/23 15:18:30.377, 42129, 46068, 93, 340.64
2026/09/23 15:18:31.379, 42129, 46068, 96, 333.53
2026/09/23 15:18:32.380, 42129, 46068, 90, 319.14
2026/09/23 15:18:33.383, 42129, 46068, 93, 330.97
2026/09/23 15:18:34.385, 42129, 46068, 96, 345.60
2026/09/23 15:18:35.386, 42129, 46068, 91, 328.95
2026/09/23 15:18:36.388, 42129, 46068, 95, 345.18
2026/09/23 15:18:37.390, 42129, 46068, 91, 347.63
2026/09/23 15:18:38.392, 42129, 46068, 96, 329.46
2026/09/23 15:18:39.393, 42129, 46068, 89, 318.06
2026/09/23 15:18:40.395, 42129, 46068, 93, 317.40
2026/09/23 15:18:41.397, 42129, 46068, 93, 320.10
2026/09/23 15:18:42.398, 42129, 46068, 97, 319.23
2026/09/23 15:18:43.400, 42129, 46068, 91, 319.73
2026/09/23 15:18:44.402, 42129, 46068, 92, 327.92
2026/09/23 15:18:45.404, 42129, 46068, 94, 351.27
2026/09/23 15:18:46.405, 42129, 46068, 99, 339.57
2026/09/23 15:18:47.407, 42129, 46068, 97, 321.10
2026/09/23 15:18:48.408, 42129, 46068, 92, 322.86
2026/09/23 15:18:49.409, 42129, 46068, 92, 330.90
2026/09/23 15:18:50.412, 42129, 46068, 96, 329.38
2026/09/23 15:18:51.414, 42129, 46068, 93, 336.65
2026/09/23 15:18:52.416, 42129, 46068, 93, 317.18
2026/09/23 15:18:53.417, 42129, 46068, 89, 323.20
2026/09/23 15:18:54.419, 42129, 46068, 0, 194.48
2026/09/23 15:18:55.422, 42129, 46068, 0, 123.37
2026/09/23 15:18:56.425, 42129, 46068, 0, 98.28
2026/09/23 15:18:57.427, 42129, 46068, 0, 98.14
2026/09/23 15:18:58.428, 42129, 46068, 0, 96.04
2026/09/23 15:18:59.430, 42129, 46068, 0, 96.95
2026/09/23 15:19:00.433, 42129, 46068, 0, 96.98
2026/09/23 15:19:01.435, 42129, 46068, 88, 196.51
2026/09/23 15:19:02.437, 42129, 46068, 87, 299.40
2026/09/23 15:19:03.440, 42129, 46068, 89, 300.79
2026/09/23 15:19:04.442, 42129, 46068, 92, 316.11
2026/09/23 15:19:05.443, 42129, 46068, 93, 307.56
2026/09/23 15:19:06.446, 42129, 46068, 91, 321.18
2026/09/23 15:19:07.448, 42129, 46068, 95, 316.45
2026/09/23 15:19:08.449, 42129, 46068, 91, 346.68
2026/09/23 15:19:09.451, 42129, 46068, 94, 343.51
2026/09/23 15:19:10.453, 42129, 46068, 94, 332.51
2026/09/23 15:19:11.455, 42129, 46068, 93, 350.50
2026/09/23 15:19:12.457, 42129, 46068, 93, 337.80
2026/09/23 15:19:13.459, 42129, 46068, 93, 345.37
2026/09/23 15:19:14.461, 42129, 46068, 95, 337.48
2026/09/23 15:19:15.463, 42129, 46068, 96, 339.51
2026/09/23 15:19:16.466, 42129, 46068, 95, 353.51
2026/09/23 15:19:17.468, 42129, 46068, 96, 355.92
2026/09/23 15:19:18.470, 42129, 46068, 95, 354.42
2026/09/23 15:19:19.472, 42129, 46068, 95, 347.63
2026/09/23 15:19:20.473, 42129, 46068, 96, 350.69
2026/09/23 15:19:21.475, 42129, 46068, 94, 350.91
2026/09/23 15:19:22.477, 42129, 46068, 100, 348.05
2026/09/23 15:19:23.481, 42129, 46068, 95, 357.64
2026/09/23 15:19:24.483, 42129, 46068, 100, 354.07
2026/09/23 15:19:25.485, 42129, 46068, 94, 353.19
2026/09/23 15:19:26.487, 42129, 46068, 94, 330.11
2026/09/23 15:19:27.490, 42129, 46068, 95, 339.08
2026/09/23 15:19:28.492, 42129, 46068, 95, 348.39
2026/09/23 15:19:29.494, 42129, 46068, 94, 355.95
2026/09/23 15:19:30.496, 42129, 46068, 100, 356.36
2026/09/23 15:19:31.499, 42129, 46068, 93, 336.99
2026/09/23 15:19:32.500, 42129, 46068, 95, 338.08
2026/09/23 15:19:33.502, 42129, 46068, 100, 327.89
2026/09/23 15:19:34.505, 42129, 46068, 94, 339.39
2026/09/23 15:19:35.507, 42129, 46068, 89, 332.80
2026/09/23 15:19:36.510, 42129, 46068, 100, 343.17
2026/09/23 15:19:37.512, 42129, 46068, 94, 330.01
2026/09/23 15:19:38.514, 42129, 46068, 93, 333.48
2026/09/23 15:19:39.516, 42129, 46068, 93, 326.46
2026/09/23 15:19:40.518, 42129, 46068, 95, 342.52
2026/09/23 15:19:41.520, 42129, 46068, 100, 340.62
2026/09/23 15:19:42.522, 42129, 46068, 95, 339.36
2026/09/23 15:19:43.524, 42129, 46068, 95, 339.76
2026/09/23 15:19:44.526, 42129, 46068, 93, 341.10
2026/09/23 15:19:45.528, 42129, 46068, 93, 337.30
2026/09/23 15:19:46.531, 42129, 46068, 87, 338.46
2026/09/23 15:19:47.533, 42129, 46068, 94, 347.74
2026/09/23 15:19:48.535, 42129, 46068, 95, 338.02
2026/09/23 15:19:49.537, 42129, 46068, 100, 337.94
2026/09/23 15:19:50.538, 42129, 46068, 94, 349.78
2026/09/23 15:19:51.541, 42129, 46068, 95, 339.77
2026/09/23 15:19:52.543, 42129, 46068, 93, 348.35
2026/09/23 15:19:53.545, 42129, 46068, 100, 350.34
2026/09/23 15:19:54.547, 42129, 46068, 100, 341.61
2026/09/23 15:19:55.550, 42129, 46068, 100, 336.92
2026/09/23 15:19:56.551, 42129, 46068, 100, 339.81
2026/09/23 15:19:57.554, 42129, 46068, 94, 349.75
2026/09/23 15:19:58.556, 42129, 46068, 93, 352.92
2026/09/23 15:19:59.559, 42129, 46068, 93, 340.82
2026/09/23 15:20:00.562, 42129, 46068, 100, 352.95
2026/09/23 15:20:01.564, 42129, 46068, 96, 358.20
2026/09/23 15:20:02.565, 42129, 46068, 94, 346.89
2026/09/23 15:20:03.567, 42129, 46068, 96, 343.67
2026/09/23 15:20:04.569, 42129, 46068, 95, 348.43
2026/09/23 15:20:05.571, 42129, 46068, 100, 347.77
2026/09/23 15:20:06.573, 42129, 46068, 93, 350.58
2026/09/23 15:20:07.575, 42129, 46068, 100, 346.52
2026/09/23 15:20:08.576, 42129, 46068, 95, 337.66
2026/09/23 15:20:09.578, 42129, 46068, 100, 338.33
2026/09/23 15:20:10.580, 42129, 46068, 93, 320.32
2026/09/23 15:20:11.582, 42129, 46068, 83, 314.80
2026/09/23 15:20:12.584, 42129, 46068, 100, 329.73
2026/09/23 15:20:13.586, 42129, 46068, 100, 340.63
2026/09/23 15:20:14.588, 42129, 46068, 100, 333.02
2026/09/23 15:20:15.589, 42129, 46068, 95, 339.10
2026/09/23 15:20:16.592, 42129, 46068, 100, 342.44
2026/09/23 15:20:17.593, 42129, 46068, 90, 340.33
2026/09/23 15:20:18.595, 42129, 46068, 100, 343.41
2026/09/23 15:20:19.597, 42129, 46068, 93, 336.77
2026/09/23 15:20:20.599, 42129, 46068, 100, 342.79
2026/09/23 15:20:21.601, 42129, 46068, 94, 331.48
2026/09/23 15:20:22.603, 42129, 46068, 94, 338.41
2026/09/23 15:20:23.604, 42129, 46068, 94, 337.80
2026/09/23 15:20:24.606, 42129, 46068, 87, 340.33
2026/09/23 15:20:25.608, 42129, 46068, 100, 341.83
2026/09/23 15:20:26.610, 42129, 46068, 93, 340.52
2026/09/23 15:20:27.611, 42129, 46068, 94, 338.01
2026/09/23 15:20:28.614, 42129, 46068, 93, 339.74
2026/09/23 15:20:29.616, 42129, 46068, 100, 347.12
2026/09/23 15:20:30.618, 42129, 46068, 100, 340.88
2026/09/23 15:20:31.620, 42129, 46068, 100, 338.27
2026/09/23 15:20:32.623, 42129, 46068, 93, 347.44
2026/09/23 15:20:33.626, 42129, 46068, 94, 333.95
2026/09/23 15:20:34.628, 42129, 46068, 94, 351.23
2026/09/23 15:20:35.633, 42129, 46068, 93, 351.89
2026/09/23 15:20:36.661, 42129, 46068, 92, 327.82
2026/09/23 15:20:37.667, 42129, 46068, 100, 341.15
2026/09/23 15:20:38.676, 42129, 46068, 95, 344.56
2026/09/23 15:20:39.689, 42129, 46068, 100, 327.26
2026/09/23 15:20:40.697, 42129, 46068, 79, 358.28
2026/09/23 15:20:41.710, 42129, 46068, 93, 360.61
2026/09/23 15:20:42.715, 42129, 46068, 90, 348.05
2026/09/23 15:20:43.726, 42129, 46068, 100, 329.74
2026/09/23 15:20:44.769, 42129, 46068, 62, 313.22
2026/09/23 15:20:45.772, 42129, 46068, 100, 320.07
2026/09/23 15:20:46.791, 42129, 46068, 100, 293.68
2026/09/23 15:20:47.797, 42129, 46068, 100, 322.58
2026/09/23 15:20:48.804, 42129, 46068, 98, 324.55
2026/09/23 15:20:49.816, 42129, 46068, 85, 327.66
2026/09/23 15:20:50.822, 42129, 46068, 100, 327.74
2026/09/23 15:20:51.830, 42129, 46068, 92, 336.71
2026/09/23 15:20:52.835, 42129, 46068, 90, 345.91
2026/09/23 15:20:53.838, 42129, 46068, 87, 324.61
2026/09/23 15:20:54.842, 42129, 46068, 82, 349.94
2026/09/23 15:20:55.844, 42129, 46068, 94, 337.40
2026/09/23 15:20:56.849, 42129, 46068, 93, 341.57
2026/09/23 15:20:57.853, 42129, 46068, 93, 346.83
2026/09/23 15:20:58.855, 42129, 46068, 85, 336.81
2026/09/23 15:20:59.857, 42129, 46068, 94, 344.00
2026/09/23 15:21:00.859, 42129, 46068, 94, 345.86
2026/09/23 15:21:01.862, 42129, 46068, 85, 336.39
2026/09/23 15:21:02.866, 42129, 46068, 100, 337.38
2026/09/23 15:21:03.870, 42129, 46068, 93, 342.12
2026/09/23 15:21:04.873, 42129, 46068, 100, 352.11
2026/09/23 15:21:05.875, 42129, 46068, 95, 341.36
2026/09/23 15:21:06.877, 42129, 46068, 94, 352.21
2026/09/23 15:21:07.879, 42129, 46068, 93, 353.83
2026/09/23 15:21:08.882, 42129, 46068, 94, 352.51
2026/09/23 15:21:09.884, 42129, 46068, 93, 331.72
2026/09/23 15:21:10.886, 42129, 46068, 95, 342.82
2026/09/23 15:21:11.888, 42129, 46068, 93, 355.45
2026/09/23 15:21:12.890, 42129, 46068, 94, 346.46
2026/09/23 15:21:13.892, 42129, 46068, 94, 348.48
2026/09/23 15:21:14.894, 42129, 46068, 100, 350.43
2026/09/23 15:21:15.895, 42129, 46068, 100, 342.23
2026/09/23 15:21:16.897, 42129, 46068, 94, 345.82
2026/09/23 15:21:17.900, 42129, 46068, 94, 339.88
2026/09/23 15:21:18.901, 42129, 46068, 100, 348.64
2026/09/23 15:21:19.903, 42129, 46068, 97, 347.87
2026/09/23 15:21:20.907, 42129, 46068, 87, 332.95
2026/09/23 15:21:21.911, 42129, 46068, 95, 344.08
2026/09/23 15:21:22.913, 42129, 46068, 95, 332.60
2026/09/23 15:21:23.915, 42129, 46068, 94, 346.77
2026/09/23 15:21:24.917, 42129, 46068, 88, 327.14
2026/09/23 15:21:25.918, 42129, 46068, 94, 339.49
2026/09/23 15:21:26.921, 42129, 46068, 86, 330.84
2026/09/23 15:21:27.924, 42129, 46068, 93, 339.48
2026/09/23 15:21:28.925, 42129, 46068, 100, 352.69
2026/09/23 15:21:29.927, 42129, 46068, 93, 337.30
2026/09/23 15:21:30.929, 42129, 46068, 94, 345.57
2026/09/23 15:21:31.930, 42129, 46068, 95, 346.62
2026/09/23 15:21:32.932, 42129, 46068, 93, 346.72
2026/09/23 15:21:33.933, 42129, 46068, 100, 337.27
2026/09/23 15:21:34.935, 42129, 46068, 100, 344.70
2026/09/23 15:21:35.937, 42129, 46068, 93, 345.48
2026/09/23 15:21:36.940, 42129, 46068, 100, 343.78
2026/09/23 15:21:37.941, 42129, 46068, 93, 350.93
2026/09/23 15:21:38.943, 42129, 46068, 94, 344.55
2026/09/23 15:21:39.944, 42129, 46068, 93, 345.56
2026/09/23 15:21:40.947, 42129, 46068, 94, 347.02
2026/09/23 15:21:41.949, 42129, 46068, 97, 354.06
2026/09/23 15:21:42.951, 42129, 46068, 100, 352.59
2026/09/23 15:21:43.954, 42129, 46068, 100, 335.53
2026/09/23 15:21:44.956, 42129, 46068, 95, 353.24
2026/09/23 15:21:45.958, 42129, 46068, 94, 351.36
2026/09/23 15:21:46.960, 42129, 46068, 94, 339.28
2026/09/23 15:21:47.961, 42129, 46068, 88, 334.32
2026/09/23 15:21:48.963, 42129, 46068, 93, 341.70
2026/09/23 15:21:49.965, 42129, 46068, 93, 348.09
2026/09/23 15:21:50.967, 42129, 46068, 95, 338.56
2026/09/23 15:21:51.968, 42129, 46068, 93, 343.74
2026/09/23 15:21:52.970, 42129, 46068, 100, 348.25
2026/09/23 15:21:53.972, 42129, 46068, 93, 349.16
2026/09/23 15:21:54.974, 42129, 46068, 89, 336.64
2026/09/23 15:21:55.977, 42129, 46068, 88, 342.83
2026/09/23 15:21:56.979, 42129, 46068, 93, 346.37
2026/09/23 15:21:57.981, 42129, 46068, 93, 328.18
2026/09/23 15:21:58.983, 42129, 46068, 100, 345.17
2026/09/23 15:21:59.985, 42129, 46068, 100, 343.47
2026/09/23 15:22:00.987, 42129, 46068, 94, 334.31
2026/09/23 15:22:01.989, 42129, 46068, 93, 337.64
2026/09/23 15:22:02.991, 42129, 46068, 100, 339.93
2026/09/23 15:22:03.993, 42129, 46068, 94, 338.79
2026/09/23 15:22:04.995, 42129, 46068, 100, 343.87
2026/09/23 15:22:05.997, 42129, 46068, 94, 342.27
2026/09/23 15:22:06.998, 42129, 46068, 100, 338.71
2026/09/23 15:22:08.001, 42129, 46068, 100, 344.00
2026/09/23 15:22:09.003, 42129, 46068, 100, 331.92
2026/09/23 15:22:10.005, 42129, 46068, 100, 342.39
2026/09/23 15:22:11.007, 42129, 46068, 100, 341.99
2026/09/23 15:22:12.009, 42129, 46068, 93, 346.84
2026/09/23 15:22:13.010, 42129, 46068, 93, 339.39
2026/09/23 15:22:14.012, 42129, 46068, 100, 342.92
2026/09/23 15:22:15.014, 42129, 46068, 94, 345.13
2026/09/23 15:22:16.015, 42129, 46068, 100, 341.29
2026/09/23 15:22:17.018, 42129, 46068, 95, 332.65
2026/09/23 15:22:18.020, 42129, 46068, 92, 333.93
2026/09/23 15:22:19.021, 42129, 46068, 95, 333.48
2026/09/23 15:22:20.024, 42129, 46068, 100, 350.99
2026/09/23 15:22:21.026, 42129, 46068, 94, 341.99
2026/09/23 15:22:22.028, 42129, 46068, 93, 343.90
2026/09/23 15:22:23.030, 42129, 46068, 89, 334.87
2026/09/23 15:22:24.032, 42129, 46068, 100, 347.45
2026/09/23 15:22:25.035, 42129, 46068, 93, 345.78
2026/09/23 15:22:26.037, 42129, 46068, 94, 339.73
2026/09/23 15:22:27.038, 42129, 46068, 94, 343.00
2026/09/23 15:22:28.040, 42129, 46068, 97, 349.01
2026/09/23 15:22:29.042, 42129, 46068, 100, 338.64
2026/09/23 15:22:30.044, 42129, 46068, 93, 323.85
2026/09/23 15:22:31.045, 42129, 46068, 95, 325.57
2026/09/23 15:22:32.047, 42129, 46068, 100, 337.38
2026/09/23 15:22:33.049, 42129, 46068, 88, 335.03
2026/09/23 15:22:34.050, 42129, 46068, 100, 344.77
2026/09/23 15:22:35.053, 42129, 46068, 93, 345.62
2026/09/23 15:22:36.055, 42129, 46068, 87, 336.55
2026/09/23 15:22:37.057, 42129, 46068, 99, 344.95
2026/09/23 15:22:38.060, 42129, 46068, 94, 346.06
2026/09/23 15:22:39.062, 42129, 46068, 88, 338.30
2026/09/23 15:22:40.065, 42129, 46068, 93, 335.15
2026/09/23 15:22:41.067, 42129, 46068, 100, 338.90
2026/09/23 15:22:42.069, 42129, 46068, 94, 344.70
2026/09/23 15:22:43.071, 42129, 46068, 94, 338.94
2026/09/23 15:22:44.073, 42129, 46068, 93, 339.11
2026/09/23 15:22:45.076, 42129, 46068, 94, 342.22
2026/09/23 15:22:46.078, 42129, 46068, 95, 346.48
2026/09/23 15:22:47.080, 42129, 46068, 97, 336.45
2026/09/23 15:22:48.082, 42129, 46068, 100, 337.92
2026/09/23 15:22:49.084, 42129, 46068, 93, 339.17
2026/09/23 15:22:50.086, 42129, 46068, 99, 333.52
2026/09/23 15:22:51.088, 42129, 46068, 94, 325.15
2026/09/23 15:22:52.089, 42129, 46068, 97, 352.87
2026/09/23 15:22:53.091, 42129, 46068, 100, 349.79
2026/09/23 15:22:54.094, 42129, 46068, 100, 346.50
2026/09/23 15:22:55.096, 42129, 46068, 94, 343.39
2026/09/23 15:22:56.098, 42129, 46068, 93, 340.81
2026/09/23 15:22:57.100, 42129, 46068, 93, 349.08
2026/09/23 15:22:58.103, 42129, 46068, 93, 338.63
2026/09/23 15:22:59.105, 42129, 46068, 100, 350.26
2026/09/23 15:23:00.107, 42129, 46068, 100, 341.95
2026/09/23 15:23:01.109, 42129, 46068, 94, 332.88
2026/09/23 15:23:02.112, 42129, 46068, 100, 353.03
2026/09/23 15:23:03.114, 42129, 46068, 93, 345.68
2026/09/23 15:23:04.116, 42129, 46068, 90, 322.74
2026/09/23 15:23:05.118, 42129, 46068, 89, 334.62
2026/09/23 15:23:06.120, 42129, 46068, 89, 328.57
2026/09/23 15:23:07.122, 42129, 46068, 94, 344.68
2026/09/23 15:23:08.124, 42129, 46068, 100, 338.78
2026/09/23 15:23:09.127, 42129, 46068, 94, 346.97
2026/09/23 15:23:10.129, 42129, 46068, 93, 340.03
2026/09/23 15:23:11.131, 42129, 46068, 100, 338.10
2026/09/23 15:23:12.132, 42129, 46068, 92, 348.23
2026/09/23 15:23:13.134, 42129, 46068, 95, 347.43
2026/09/23 15:23:14.137, 42129, 46068, 100, 339.89
2026/09/23 15:23:15.138, 42129, 46068, 100, 337.27
2026/09/23 15:23:16.141, 42129, 46068, 93, 340.42
2026/09/23 15:23:17.143, 42129, 46068, 100, 339.64
2026/09/23 15:23:18.145, 42129, 46068, 94, 338.17
2026/09/23 15:23:19.147, 42129, 46068, 100, 347.82
2026/09/23 15:23:20.149, 42129, 46068, 96, 348.06
2026/09/23 15:23:21.154, 42129, 46068, 0, 280.40
2026/09/23 15:23:22.156, 42129, 46068, 0, 132.33
2026/09/23 15:23:23.158, 42129, 46068, 0, 108.94
2026/09/23 15:23:24.160, 42129, 46068, 0, 108.31
2026/09/23 15:23:25.162, 42129, 46068, 0, 108.12
2026/09/23 15:23:26.164, 42129, 46068, 0, 108.34
2026/09/23 15:23:27.166, 42129, 46068, 0, 107.55
2026/09/23 15:23:28.168, 42129, 46068, 85, 261.08
2026/09/23 15:23:29.170, 42129, 46068, 83, 276.60
2026/09/23 15:23:30.172, 42129, 46068, 84, 274.82
2026/09/23 15:23:31.173, 42129, 46068, 85, 277.89
2026/09/23 15:23:32.175, 42129, 46068, 85, 280.43
2026/09/23 15:23:33.177, 42129, 46068, 84, 282.73
2026/09/23 15:23:34.179, 42129, 46068, 83, 276.62
2026/09/23 15:23:35.180, 42129, 46068, 83, 281.04
2026/09/23 15:23:36.182, 42129, 46068, 85, 277.05
2026/09/23 15:23:37.183, 42129, 46068, 82, 280.65
2026/09/23 15:23:38.185, 42129, 46068, 84, 286.01
2026/09/23 15:23:39.187, 42129, 46068, 85, 281.29
2026/09/23 15:23:40.189, 42129, 46068, 83, 293.84
2026/09/23 15:23:41.191, 42129, 46068, 85, 283.69
2026/09/23 15:23:42.193, 42129, 46068, 85, 286.40
2026/09/23 15:23:43.194, 42129, 46068, 85, 284.81
2026/09/23 15:23:44.196, 42129, 46068, 85, 282.22
2026/09/23 15:23:45.198, 42129, 46068, 85, 281.91
2026/09/23 15:23:46.200, 42129, 46068, 84, 283.33
2026/09/23 15:23:47.202, 42129, 46068, 84, 288.43
2026/09/23 15:23:48.204, 42129, 46068, 84, 286.95
2026/09/23 15:23:49.205, 42129, 46068, 84, 287.13
2026/09/23 15:23:50.207, 42129, 46068, 83, 281.92
2026/09/23 15:23:51.208, 42129, 46068, 85, 283.79
2026/09/23 15:23:52.210, 42129, 46068, 85, 290.38
2026/09/23 15:23:53.212, 42129, 46068, 84, 284.91
2026/09/23 15:23:54.214, 42129, 46068, 86, 288.92
2026/09/23 15:23:55.216, 42129, 46068, 84, 287.42
2026/09/23 15:23:56.217, 42129, 46068, 84, 293.72
2026/09/23 15:23:57.220, 42129, 46068, 84, 295.39
2026/09/23 15:23:58.221, 42129, 46068, 62, 300.22
2026/09/23 15:23:59.225, 42129, 46068, 67, 266.50
2026/09/23 15:24:00.235, 42129, 46068, 64, 272.19
2026/09/23 15:24:01.240, 42129, 46068, 82, 279.68
2026/09/23 15:24:02.242, 42129, 46068, 79, 285.81
2026/09/23 15:24:03.243, 42129, 46068, 83, 292.93
2026/09/23 15:24:04.245, 42129, 46068, 83, 298.33
2026/09/23 15:24:05.248, 42129, 46068, 84, 295.84
2026/09/23 15:24:06.250, 42129, 46068, 83, 299.16
2026/09/23 15:24:07.252, 42129, 46068, 84, 299.52
2026/09/23 15:24:08.253, 42129, 46068, 82, 288.03
2026/09/23 15:24:09.255, 42129, 46068, 83, 295.05
2026/09/23 15:24:10.256, 42129, 46068, 83, 293.43
2026/09/23 15:24:11.258, 42129, 46068, 81, 292.05
2026/09/23 15:24:12.259, 42129, 46068, 84, 290.48
2026/09/23 15:24:13.261, 42129, 46068, 84, 286.34
2026/09/23 15:24:14.263, 42129, 46068, 82, 287.86
2026/09/23 15:24:15.265, 42129, 46068, 85, 290.15
2026/09/23 15:24:16.267, 42129, 46068, 81, 298.23
2026/09/23 15:24:17.269, 42129, 46068, 83, 293.28
2026/09/23 15:24:18.271, 42129, 46068, 85, 296.42
2026/09/23 15:24:19.272, 42129, 46068, 84, 288.51
2026/09/23 15:24:20.274, 42129, 46068, 83, 285.70
2026/09/23 15:24:21.276, 42129, 46068, 82, 283.84
2026/09/23 15:24:22.277, 42129, 46068, 83, 285.14
2026/09/23 15:24:23.278, 42129, 46068, 83, 280.55
2026/09/23 15:24:24.280, 42129, 46068, 83, 282.19
2026/09/23 15:24:25.282, 42129, 46068, 84, 285.42
2026/09/23 15:24:26.283, 42129, 46068, 82, 292.98
2026/09/23 15:24:27.284, 42129, 46068, 84, 283.66
2026/09/23 15:24:28.286, 42129, 46068, 84, 273.36
2026/09/23 15:24:29.288, 42129, 46068, 81, 279.79
2026/09/23 15:24:30.290, 42129, 46068, 83, 283.51
2026/09/23 15:24:31.291, 42129, 46068, 85, 284.01
2026/09/23 15:24:32.293, 42129, 46068, 85, 282.74
2026/09/23 15:24:33.294, 42129, 46068, 86, 292.01
2026/09/23 15:24:34.296, 42129, 46068, 82, 280.96
2026/09/23 15:24:35.298, 42129, 46068, 84, 280.90
2026/09/23 15:24:36.299, 42129, 46068, 84, 271.95
2026/09/23 15:24:37.301, 42129, 46068, 85, 279.44
2026/09/23 15:24:38.302, 42129, 46068, 85, 276.17
2026/09/23 15:24:39.304, 42129, 46068, 81, 275.78
2026/09/23 15:24:40.306, 42129, 46068, 84, 276.29
2026/09/23 15:24:41.307, 42129, 46068, 82, 279.85
2026/09/23 15:24:42.308, 42129, 46068, 83, 279.72
2026/09/23 15:24:43.309, 42129, 46068, 82, 280.31
2026/09/23 15:24:44.311, 42129, 46068, 85, 273.57
2026/09/23 15:24:45.313, 42129, 46068, 84, 278.35
2026/09/23 15:24:46.316, 42129, 46068, 48, 224.56
2026/09/23 15:24:47.327, 42129, 46068, 47, 205.93
2026/09/23 15:24:48.337, 42129, 46068, 76, 246.96
2026/09/23 15:24:49.339, 42129, 46068, 84, 263.26
2026/09/23 15:24:50.341, 42129, 46068, 83, 274.69
2026/09/23 15:24:51.342, 42129, 46068, 83, 276.24
2026/09/23 15:24:52.344, 42129, 46068, 85, 276.67
2026/09/23 15:24:53.346, 42129, 46068, 82, 279.61
2026/09/23 15:24:54.348, 42129, 46068, 82, 284.80
2026/09/23 15:24:55.349, 42129, 46068, 83, 274.48
2026/09/23 15:24:56.351, 42129, 46068, 82, 276.85
2026/09/23 15:24:57.353, 42129, 46068, 84, 274.49
2026/09/23 15:24:58.356, 42129, 46068, 83, 275.84
2026/09/23 15:24:59.358, 42129, 46068, 82, 275.92
2026/09/23 15:25:00.360, 42129, 46068, 84, 281.00
2026/09/23 15:25:01.361, 42129, 46068, 85, 273.28
2026/09/23 15:25:02.363, 42129, 46068, 85, 272.55
2026/09/23 15:25:03.365, 42129, 46068, 83, 283.85
2026/09/23 15:25:04.367, 42129, 46068, 72, 267.84
2026/09/23 15:25:05.369, 42129, 46068, 75, 259.31
2026/09/23 15:25:06.371, 42129, 46068, 85, 281.05
2026/09/23 15:25:07.374, 42129, 46068, 58, 254.84
2026/09/23 15:25:08.380, 42129, 46068, 83, 232.90
2026/09/23 15:25:09.382, 42129, 46068, 86, 278.57
2026/09/23 15:25:10.383, 42129, 46068, 84, 281.04
2026/09/23 15:25:11.384, 42129, 46068, 86, 279.48
2026/09/23 15:25:12.386, 42129, 46068, 84, 282.79
2026/09/23 15:25:13.387, 42129, 46068, 77, 280.51
2026/09/23 15:25:14.388, 42129, 46068, 81, 278.45
2026/09/23 15:25:15.390, 42129, 46068, 82, 283.63
2026/09/23 15:25:16.392, 42129, 46068, 82, 273.49
2026/09/23 15:25:17.396, 42129, 46068, 84, 280.25
2026/09/23 15:25:18.398, 42129, 46068, 84, 281.72
2026/09/23 15:25:19.401, 42129, 46068, 85, 285.55
2026/09/23 15:25:20.402, 42129, 46068, 86, 281.42
2026/09/23 15:25:21.404, 42129, 46068, 86, 284.95
2026/09/23 15:25:22.405, 42129, 46068, 84, 287.03
2026/09/23 15:25:23.408, 42129, 46068, 84, 281.71
2026/09/23 15:25:24.409, 42129, 46068, 85, 288.37
2026/09/23 15:25:25.410, 42129, 46068, 84, 280.48
2026/09/23 15:25:26.412, 42129, 46068, 85, 288.55
2026/09/23 15:25:27.414, 42129, 46068, 85, 290.83
2026/09/23 15:25:28.416, 42129, 46068, 86, 294.37
2026/09/23 15:25:29.418, 42129, 46068, 85, 288.29
2026/09/23 15:25:30.419, 42129, 46068, 83, 301.31
2026/09/23 15:25:31.421, 42129, 46068, 84, 289.09
2026/09/23 15:25:32.423, 42129, 46068, 85, 292.32
2026/09/23 15:25:33.424, 42129, 46068, 85, 301.30
2026/09/23 15:25:34.426, 42129, 46068, 86, 291.11
2026/09/23 15:25:35.428, 42129, 46068, 85, 296.16
2026/09/23 15:25:36.430, 42129, 46068, 84, 293.25
2026/09/23 15:25:37.432, 42129, 46068, 85, 292.71
2026/09/23 15:25:38.433, 42129, 46068, 85, 292.51
2026/09/23 15:25:39.435, 42129, 46068, 84, 295.82
2026/09/23 15:25:40.437, 42129, 46068, 85, 290.08
2026/09/23 15:25:41.439, 42129, 46068, 88, 297.10
2026/09/23 15:25:42.441, 42129, 46068, 60, 285.36
2026/09/23 15:25:43.442, 42129, 46068, 0, 139.61
2026/09/23 15:25:44.444, 42129, 46068, 0, 118.45
2026/09/23 15:25:45.445, 42129, 46068, 0, 118.10
2026/09/23 15:25:46.447, 42129, 46068, 0, 117.85
2026/09/23 15:25:47.449, 42129, 46068, 0, 133.71
2026/09/23 15:25:48.451, 42129, 46068, 89, 322.20
2026/09/23 15:25:49.453, 42129, 46068, 90, 323.27
2026/09/23 15:25:50.455, 42129, 46068, 90, 312.84
2026/09/23 15:25:51.457, 42129, 46068, 91, 331.46
2026/09/23 15:25:52.459, 42129, 46068, 89, 315.48
2026/09/23 15:25:53.461, 42129, 46068, 94, 337.77
2026/09/23 15:25:54.462, 42129, 46068, 94, 314.56
2026/09/23 15:25:55.464, 42129, 46068, 94, 337.18
2026/09/23 15:25:56.465, 42129, 46068, 96, 319.44
2026/09/23 15:25:57.468, 42129, 46068, 94, 339.95
2026/09/23 15:25:58.470, 42129, 46068, 95, 342.84
2026/09/23 15:25:59.472, 42129, 46068, 92, 346.29
2026/09/23 15:26:00.474, 42129, 46068, 96, 329.53
2026/09/23 15:26:01.475, 42129, 46068, 96, 335.88
2026/09/23 15:26:02.477, 42129, 46068, 96, 345.51
2026/09/23 15:26:03.480, 42129, 46068, 96, 345.04
2026/09/23 15:26:04.482, 42129, 46068, 95, 345.53
2026/09/23 15:26:05.484, 42129, 46068, 95, 343.73
2026/09/23 15:26:06.486, 42129, 46068, 93, 352.47
2026/09/23 15:26:07.488, 42129, 46068, 96, 335.51
2026/09/23 15:26:08.490, 42129, 46068, 100, 354.89
2026/09/23 15:26:09.492, 42129, 46068, 94, 354.65
2026/09/23 15:26:10.494, 42129, 46068, 95, 353.35
2026/09/23 15:26:11.496, 42129, 46068, 95, 353.57
2026/09/23 15:26:12.498, 42129, 46068, 100, 342.89
2026/09/23 15:26:13.501, 42129, 46068, 96, 342.93
2026/09/23 15:26:14.502, 42129, 46068, 94, 344.03
2026/09/23 15:26:15.504, 42129, 46068, 95, 339.37
2026/09/23 15:26:16.505, 42129, 46068, 94, 355.17
2026/09/23 15:26:17.507, 42129, 46068, 94, 352.20
2026/09/23 15:26:18.509, 42129, 46068, 94, 335.59
2026/09/23 15:26:19.511, 42129, 46068, 95, 332.33
2026/09/23 15:26:20.512, 42129, 46068, 100, 336.10
2026/09/23 15:26:21.515, 42129, 46068, 89, 350.02
2026/09/23 15:26:22.517, 42129, 46068, 93, 335.18
2026/09/23 15:26:23.519, 42129, 46068, 93, 343.43
2026/09/23 15:26:24.520, 42129, 46068, 94, 341.39
2026/09/23 15:26:25.522, 42129, 46068, 95, 332.32
2026/09/23 15:26:26.524, 42129, 46068, 94, 338.34
2026/09/23 15:26:27.527, 42129, 46068, 89, 346.56
2026/09/23 15:26:28.529, 42129, 46068, 100, 341.42
2026/09/23 15:26:29.531, 42129, 46068, 93, 333.63
2026/09/23 15:26:30.533, 42129, 46068, 95, 341.18
2026/09/23 15:26:31.535, 42129, 46068, 100, 334.90
2026/09/23 15:26:32.537, 42129, 46068, 100, 341.19
2026/09/23 15:26:33.539, 42129, 46068, 100, 340.95
2026/09/23 15:26:34.541, 42129, 46068, 100, 338.26
2026/09/23 15:26:35.544, 42129, 46068, 93, 341.03
2026/09/23 15:26:36.546, 42129, 46068, 94, 341.86
2026/09/23 15:26:37.549, 42129, 46068, 100, 342.99
2026/09/23 15:26:38.551, 42129, 46068, 100, 340.73
2026/09/23 15:26:39.553, 42129, 46068, 94, 337.82
2026/09/23 15:26:40.555, 42129, 46068, 96, 344.85
2026/09/23 15:26:41.558, 42129, 46068, 100, 341.83
2026/09/23 15:26:42.560, 42129, 46068, 94, 346.17
2026/09/23 15:26:43.562, 42129, 46068, 97, 340.35
2026/09/23 15:26:44.564, 42129, 46068, 100, 335.40
2026/09/23 15:26:45.566, 42129, 46068, 95, 341.63
2026/09/23 15:26:46.568, 42129, 46068, 95, 335.85
2026/09/23 15:26:47.569, 42129, 46068, 100, 348.85
2026/09/23 15:26:48.583, 42129, 46068, 93, 350.77
2026/09/23 15:26:49.585, 42129, 46068, 100, 352.85
2026/09/23 15:26:50.588, 42129, 46068, 100, 342.39
2026/09/23 15:26:51.590, 42129, 46068, 94, 346.05
2026/09/23 15:26:52.592, 42129, 46068, 94, 354.65
2026/09/23 15:26:53.594, 42129, 46068, 92, 334.65
2026/09/23 15:26:54.596, 42129, 46068, 100, 333.35
2026/09/23 15:26:55.597, 42129, 46068, 92, 338.42
2026/09/23 15:26:56.600, 42129, 46068, 93, 345.14
2026/09/23 15:26:57.601, 42129, 46068, 94, 338.41
2026/09/23 15:26:58.604, 42129, 46068, 100, 344.48
2026/09/23 15:26:59.605, 42129, 46068, 95, 337.98
2026/09/23 15:27:00.608, 42129, 46068, 94, 335.82
2026/09/23 15:27:01.610, 42129, 46068, 95, 341.66
2026/09/23 15:27:02.613, 42129, 46068, 94, 336.23
2026/09/23 15:27:03.617, 42129, 46068, 94, 326.05
2026/09/23 15:27:04.619, 42129, 46068, 93, 330.66
2026/09/23 15:27:05.621, 42129, 46068, 94, 330.05
2026/09/23 15:27:06.623, 42129, 46068, 89, 334.80
2026/09/23 15:27:07.624, 42129, 46068, 100, 338.82
2026/09/23 15:27:08.626, 42129, 46068, 100, 341.86
2026/09/23 15:27:09.628, 42129, 46068, 94, 340.98
2026/09/23 15:27:10.630, 42129, 46068, 98, 336.32
2026/09/23 15:27:11.631, 42129, 46068, 99, 337.82
2026/09/23 15:27:12.633, 42129, 46068, 93, 341.22
2026/09/23 15:27:13.635, 42129, 46068, 100, 348.37
2026/09/23 15:27:14.636, 42129, 46068, 93, 340.67
2026/09/23 15:27:15.638, 42129, 46068, 93, 333.49
2026/09/23 15:27:16.640, 42129, 46068, 94, 342.64
2026/09/23 15:27:17.642, 42129, 46068, 93, 339.76
2026/09/23 15:27:18.644, 42129, 46068, 93, 343.93
2026/09/23 15:27:19.647, 42129, 46068, 100, 353.10
2026/09/23 15:27:20.648, 42129, 46068, 100, 340.95
2026/09/23 15:27:21.650, 42129, 46068, 100, 349.33
2026/09/23 15:27:22.652, 42129, 46068, 94, 354.73
2026/09/23 15:27:23.655, 42129, 46068, 95, 346.36
2026/09/23 15:27:24.656, 42129, 46068, 94, 347.91
2026/09/23 15:27:25.658, 42129, 46068, 94, 349.92
2026/09/23 15:27:26.660, 42129, 46068, 94, 338.17
2026/09/23 15:27:27.662, 42129, 46068, 100, 345.82
2026/09/23 15:27:28.664, 42129, 46068, 95, 351.50
2026/09/23 15:27:29.666, 42129, 46068, 100, 335.56
2026/09/23 15:27:30.668, 42129, 46068, 90, 346.13
2026/09/23 15:27:31.670, 42129, 46068, 95, 340.74
2026/09/23 15:27:32.676, 42129, 46068, 85, 316.52
2026/09/23 15:27:33.690, 42129, 46068, 89, 332.98
2026/09/23 15:27:34.693, 42129, 46068, 89, 343.67
2026/09/23 15:27:35.696, 42129, 46068, 100, 343.25
2026/09/23 15:27:36.698, 42129, 46068, 94, 336.62
2026/09/23 15:27:37.700, 42129, 46068, 96, 347.66
2026/09/23 15:27:38.702, 42129, 46068, 87, 339.63
2026/09/23 15:27:39.704, 42129, 46068, 100, 331.69
2026/09/23 15:27:40.707, 42129, 46068, 100, 328.54
2026/09/23 15:27:41.709, 42129, 46068, 94, 342.00
2026/09/23 15:27:42.711, 42129, 46068, 100, 339.28
2026/09/23 15:27:43.712, 42129, 46068, 100, 344.21
2026/09/23 15:27:44.715, 42129, 46068, 100, 338.73
2026/09/23 15:27:45.717, 42129, 46068, 95, 336.70
2026/09/23 15:27:46.719, 42129, 46068, 94, 339.79
2026/09/23 15:27:47.722, 42129, 46068, 96, 345.79
2026/09/23 15:27:48.723, 42129, 46068, 93, 342.01
2026/09/23 15:27:49.725, 42129, 46068, 93, 336.48
2026/09/23 15:27:50.727, 42129, 46068, 95, 340.27
2026/09/23 15:27:51.729, 42129, 46068, 94, 338.40
2026/09/23 15:27:52.730, 42129, 46068, 93, 340.50
2026/09/23 15:27:53.732, 42129, 46068, 97, 347.50
2026/09/23 15:27:54.734, 42129, 46068, 93, 340.97
2026/09/23 15:27:55.736, 42129, 46068, 93, 329.37
2026/09/23 15:27:56.738, 42129, 46068, 100, 347.55
2026/09/23 15:27:57.740, 42129, 46068, 93, 346.11
2026/09/23 15:27:58.741, 42129, 46068, 93, 336.52
2026/09/23 15:27:59.742, 42129, 46068, 94, 349.72
2026/09/23 15:28:00.744, 42129, 46068, 94, 354.95
2026/09/23 15:28:01.746, 42129, 46068, 94, 347.71
2026/09/23 15:28:02.748, 42129, 46068, 100, 346.49
2026/09/23 15:28:03.750, 42129, 46068, 100, 355.21
2026/09/23 15:28:04.753, 42129, 46068, 94, 332.73
2026/09/23 15:28:05.755, 42129, 46068, 100, 341.29
2026/09/23 15:28:06.756, 42129, 46068, 94, 337.36
2026/09/23 15:28:07.759, 42129, 46068, 95, 327.11
2026/09/23 15:28:08.760, 42129, 46068, 100, 344.67
2026/09/23 15:28:09.762, 42129, 46068, 94, 339.80
2026/09/23 15:28:10.763, 42129, 46068, 100, 345.65
2026/09/23 15:28:11.766, 42129, 46068, 94, 327.96
2026/09/23 15:28:12.767, 42129, 46068, 100, 334.02
2026/09/23 15:28:13.769, 42129, 46068, 89, 343.84
2026/09/23 15:28:14.770, 42129, 46068, 94, 341.96
2026/09/23 15:28:15.772, 42129, 46068, 94, 332.21
2026/09/23 15:28:16.774, 42129, 46068, 93, 338.80
2026/09/23 15:28:17.776, 42129, 46068, 94, 338.13
2026/09/23 15:28:18.777, 42129, 46068, 100, 338.10
2026/09/23 15:28:19.780, 42129, 46068, 98, 340.61
2026/09/23 15:28:20.781, 42129, 46068, 94, 341.25
2026/09/23 15:28:21.783, 42129, 46068, 94, 350.30
2026/09/23 15:28:22.785, 42129, 46068, 94, 334.18
2026/09/23 15:28:23.786, 42129, 46068, 100, 340.33
2026/09/23 15:28:24.787, 42129, 46068, 93, 329.80
2026/09/23 15:28:25.789, 42129, 46068, 95, 340.51
2026/09/23 15:28:26.791, 42129, 46068, 93, 350.04
2026/09/23 15:28:27.792, 42129, 46068, 95, 341.99
2026/09/23 15:28:28.793, 42129, 46068, 98, 345.40
2026/09/23 15:28:29.795, 42129, 46068, 93, 327.40
2026/09/23 15:28:30.797, 42129, 46068, 100, 353.83
2026/09/23 15:28:31.799, 42129, 46068, 100, 346.18
2026/09/23 15:28:32.801, 42129, 46068, 100, 348.50
2026/09/23 15:28:33.803, 42129, 46068, 94, 357.41
2026/09/23 15:28:34.805, 42129, 46068, 94, 347.76
2026/09/23 15:28:35.806, 42129, 46068, 94, 342.43
2026/09/23 15:28:36.808, 42129, 46068, 93, 350.60
2026/09/23 15:28:37.810, 42129, 46068, 97, 351.85
2026/09/23 15:28:38.811, 42129, 46068, 100, 343.20
2026/09/23 15:28:39.813, 42129, 46068, 94, 344.08
2026/09/23 15:28:40.815, 42129, 46068, 94, 341.97
2026/09/23 15:28:41.816, 42129, 46068, 94, 325.73
2026/09/23 15:28:42.818, 42129, 46068, 95, 330.43
2026/09/23 15:28:43.820, 42129, 46068, 94, 335.39
2026/09/23 15:28:44.821, 42129, 46068, 99, 337.54
2026/09/23 15:28:45.823, 42129, 46068, 100, 340.62
2026/09/23 15:28:46.825, 42129, 46068, 94, 345.72
2026/09/23 15:28:47.827, 42129, 46068, 89, 333.93
2026/09/23 15:28:48.828, 42129, 46068, 94, 344.79
2026/09/23 15:28:49.830, 42129, 46068, 90, 344.45
2026/09/23 15:28:50.832, 42129, 46068, 100, 336.76
2026/09/23 15:28:51.833, 42129, 46068, 94, 334.51
2026/09/23 15:28:52.836, 42129, 46068, 93, 336.48
2026/09/23 15:28:53.837, 42129, 46068, 98, 342.27
2026/09/23 15:28:54.839, 42129, 46068, 93, 338.79
2026/09/23 15:28:55.840, 42129, 46068, 94, 344.07
2026/09/23 15:28:56.842, 42129, 46068, 100, 344.29
2026/09/23 15:28:57.844, 42129, 46068, 93, 343.90
2026/09/23 15:28:58.846, 42129, 46068, 93, 343.40
2026/09/23 15:28:59.847, 42129, 46068, 100, 342.55
2026/09/23 15:29:00.849, 42129, 46068, 100, 341.82
2026/09/23 15:29:01.850, 42129, 46068, 93, 343.10
2026/09/23 15:29:02.852, 42129, 46068, 100, 354.14
2026/09/23 15:29:03.854, 42129, 46068, 100, 337.14
2026/09/23 15:29:04.856, 42129, 46068, 93, 343.64
2026/09/23 15:29:05.858, 42129, 46068, 95, 340.11
2026/09/23 15:29:06.860, 42129, 46068, 93, 338.41
2026/09/23 15:29:07.863, 42129, 46068, 94, 354.37
2026/09/23 15:29:08.865, 42129, 46068, 98, 347.73
2026/09/23 15:29:09.866, 42129, 46068, 100, 341.20
2026/09/23 15:29:10.867, 42129, 46068, 100, 349.26
2026/09/23 15:29:11.870, 42129, 46068, 92, 353.99
2026/09/23 15:29:12.872, 42129, 46068, 94, 346.79
2026/09/23 15:29:13.874, 42129, 46068, 93, 344.24
2026/09/23 15:29:14.876, 42129, 46068, 99, 350.87
2026/09/23 15:29:15.878, 42129, 46068, 87, 347.47
2026/09/23 15:29:16.880, 42129, 46068, 94, 340.68
2026/09/23 15:29:17.882, 42129, 46068, 100, 347.53
2026/09/23 15:29:18.883, 42129, 46068, 100, 340.30
2026/09/23 15:29:19.885, 42129, 46068, 100, 349.39
2026/09/23 15:29:20.888, 42129, 46068, 67, 295.84
2026/09/23 15:29:21.890, 42129, 46068, 92, 335.77
2026/09/23 15:29:22.892, 42129, 46068, 74, 319.74
2026/09/23 15:29:23.912, 42129, 46068, 100, 334.23
2026/09/23 15:29:24.915, 42129, 46068, 67, 302.71
2026/09/23 15:29:25.922, 42129, 46068, 100, 339.46
2026/09/23 15:29:26.926, 42129, 46068, 86, 306.68
2026/09/23 15:29:27.955, 42129, 46068, 93, 338.20
2026/09/23 15:29:28.957, 42129, 46068, 100, 335.12
2026/09/23 15:29:29.965, 42129, 46068, 100, 344.61
2026/09/23 15:29:30.967, 42129, 46068, 71, 309.69
2026/09/23 15:29:32.000, 42129, 46068, 93, 341.47
2026/09/23 15:29:33.002, 42129, 46068, 93, 333.95
2026/09/23 15:29:34.004, 42129, 46068, 92, 336.67
2026/09/23 15:29:35.006, 42129, 46068, 83, 340.08
2026/09/23 15:29:36.017, 42129, 46068, 100, 347.01
2026/09/23 15:29:37.021, 42129, 46068, 91, 332.05
2026/09/23 15:29:38.022, 42129, 46068, 90, 335.17
2026/09/23 15:29:39.024, 42129, 46068, 92, 338.34
2026/09/23 15:29:40.030, 42129, 46068, 100, 350.39
2026/09/23 15:29:41.033, 42129, 46068, 94, 349.26
2026/09/23 15:29:42.036, 42129, 46068, 93, 329.33
2026/09/23 15:29:43.038, 42129, 46068, 100, 353.61
2026/09/23 15:29:44.050, 42129, 46068, 100, 345.79
2026/09/23 15:29:45.052, 42129, 46068, 93, 353.40
2026/09/23 15:29:46.054, 42129, 46068, 92, 325.01
2026/09/23 15:29:47.056, 42129, 46068, 100, 342.52
2026/09/23 15:29:48.075, 42129, 46068, 94, 329.92
2026/09/23 15:29:49.077, 42129, 46068, 92, 346.79
2026/09/23 15:29:50.078, 42129, 46068, 91, 339.36
2026/09/23 15:29:51.089, 42129, 46068, 100, 323.78
2026/09/23 15:29:52.125, 42129, 46068, 93, 344.44
2026/09/23 15:29:53.128, 42129, 46068, 92, 339.54
2026/09/23 15:29:54.130, 42129, 46068, 92, 343.49
2026/09/23 15:29:55.133, 42129, 46068, 100, 342.77
2026/09/23 15:29:56.137, 42129, 46068, 92, 333.74
2026/09/23 15:29:57.139, 42129, 46068, 100, 339.42
2026/09/23 15:29:58.141, 42129, 46068, 93, 347.63
2026/09/23 15:29:59.142, 42129, 46068, 100, 341.37
2026/09/23 15:30:00.144, 42129, 46068, 95, 338.43
2026/09/23 15:30:01.146, 42129, 46068, 95, 336.33
2026/09/23 15:30:02.147, 42129, 46068, 94, 348.83
2026/09/23 15:30:03.150, 42129, 46068, 100, 338.01
2026/09/23 15:30:04.151, 42129, 46068, 94, 335.81
2026/09/23 15:30:05.153, 42129, 46068, 91, 335.88
2026/09/23 15:30:06.155, 42129, 46068, 100, 343.57
2026/09/23 15:30:07.156, 42129, 46068, 100, 334.34
2026/09/23 15:30:08.158, 42129, 46068, 0, 212.59
2026/09/23 15:30:09.160, 42129, 46068, 0, 148.02
2026/09/23 15:30:10.162, 42129, 46068, 0, 109.26
2026/09/23 15:30:11.163, 42129, 46068, 0, 108.55
2026/09/23 15:30:12.166, 42129, 46068, 0, 107.31
2026/09/23 15:30:13.168, 42129, 46068, 0, 106.18
2026/09/23 15:30:14.169, 42129, 46068, 0, 105.28
2026/09/23 15:30:15.171, 42129, 46068, 84, 183.60
2026/09/23 15:30:16.172, 42129, 46068, 82, 272.46
2026/09/23 15:30:17.174, 42129, 46068, 82, 272.14
2026/09/23 15:30:18.176, 42129, 46068, 83, 271.77
2026/09/23 15:30:19.178, 42129, 46068, 84, 270.61
2026/09/23 15:30:20.180, 42129, 46068, 84, 268.77
2026/09/23 15:30:21.181, 42129, 46068, 85, 273.89
2026/09/23 15:30:22.183, 42129, 46068, 84, 272.11
2026/09/23 15:30:23.185, 42129, 46068, 84, 271.17
2026/09/23 15:30:24.186, 42129, 46068, 86, 274.29
2026/09/23 15:30:25.188, 42129, 46068, 85, 272.11
2026/09/23 15:30:26.190, 42129, 46068, 83, 274.47
2026/09/23 15:30:27.191, 42129, 46068, 85, 273.24
2026/09/23 15:30:28.192, 42129, 46068, 85, 274.34
2026/09/23 15:30:29.194, 42129, 46068, 84, 274.72
2026/09/23 15:30:30.196, 42129, 46068, 86, 269.49
2026/09/23 15:30:31.197, 42129, 46068, 71, 277.01
2026/09/23 15:30:32.199, 42129, 46068, 86, 267.77
2026/09/23 15:30:33.201, 42129, 46068, 84, 274.29
2026/09/23 15:30:34.202, 42129, 46068, 85, 274.85
2026/09/23 15:30:35.204, 42129, 46068, 82, 268.38
2026/09/23 15:30:36.206, 42129, 46068, 85, 275.76
2026/09/23 15:30:37.207, 42129, 46068, 83, 266.56
2026/09/23 15:30:38.209, 42129, 46068, 82, 273.99
2026/09/23 15:30:39.211, 42129, 46068, 82, 278.97
2026/09/23 15:30:40.213, 42129, 46068, 83, 273.58
2026/09/23 15:30:41.215, 42129, 46068, 84, 279.44
2026/09/23 15:30:42.216, 42129, 46068, 83, 280.09
2026/09/23 15:30:43.217, 42129, 46068, 82, 274.15
2026/09/23 15:30:44.219, 42129, 46068, 83, 278.92
2026/09/23 15:30:45.220, 42129, 46068, 87, 287.12
2026/09/23 15:30:46.222, 42129, 46068, 82, 275.84
2026/09/23 15:30:47.224, 42129, 46068, 88, 279.08
2026/09/23 15:30:48.226, 42129, 46068, 85, 274.82
2026/09/23 15:30:49.228, 42129, 46068, 85, 283.15
2026/09/23 15:30:50.230, 42129, 46068, 83, 286.30
2026/09/23 15:30:51.231, 42129, 46068, 84, 282.17
2026/09/23 15:30:52.232, 42129, 46068, 86, 292.63
2026/09/23 15:30:53.234, 42129, 46068, 84, 279.95
2026/09/23 15:30:54.236, 42129, 46068, 82, 281.56
2026/09/23 15:30:55.237, 42129, 46068, 83, 289.56
2026/09/23 15:30:56.239, 42129, 46068, 85, 283.47
2026/09/23 15:30:57.240, 42129, 46068, 87, 287.55
2026/09/23 15:30:58.242, 42129, 46068, 85, 283.76
2026/09/23 15:30:59.243, 42129, 46068, 83, 287.93
2026/09/23 15:31:00.245, 42129, 46068, 84, 295.05
2026/09/23 15:31:01.246, 42129, 46068, 84, 290.60
2026/09/23 15:31:02.248, 42129, 46068, 85, 292.44
2026/09/23 15:31:03.250, 42129, 46068, 85, 288.27
2026/09/23 15:31:04.252, 42129, 46068, 84, 287.64
2026/09/23 15:31:05.254, 42129, 46068, 85, 284.79
2026/09/23 15:31:06.255, 42129, 46068, 84, 288.75
2026/09/23 15:31:07.257, 42129, 46068, 86, 284.46
2026/09/23 15:31:08.259, 42129, 46068, 83, 288.68
2026/09/23 15:31:09.260, 42129, 46068, 83, 291.57
2026/09/23 15:31:10.263, 42129, 46068, 82, 287.35
2026/09/23 15:31:11.264, 42129, 46068, 83, 290.30
2026/09/23 15:31:12.265, 42129, 46068, 83, 287.15
2026/09/23 15:31:13.267, 42129, 46068, 83, 292.88
2026/09/23 15:31:14.269, 42129, 46068, 81, 293.71
2026/09/23 15:31:15.270, 42129, 46068, 84, 300.06
2026/09/23 15:31:16.272, 42129, 46068, 83, 294.59
2026/09/23 15:31:17.274, 42129, 46068, 84, 305.36
2026/09/23 15:31:18.276, 42129, 46068, 84, 296.95
2026/09/23 15:31:19.278, 42129, 46068, 85, 300.08
2026/09/23 15:31:20.280, 42129, 46068, 86, 307.70
2026/09/23 15:31:21.283, 42129, 46068, 85, 302.80
2026/09/23 15:31:22.284, 42129, 46068, 85, 292.17
2026/09/23 15:31:23.286, 42129, 46068, 85, 300.42
2026/09/23 15:31:24.288, 42129, 46068, 83, 297.58
2026/09/23 15:31:25.289, 42129, 46068, 85, 296.03
2026/09/23 15:31:26.290, 42129, 46068, 85, 297.80
2026/09/23 15:31:27.292, 42129, 46068, 85, 290.42
2026/09/23 15:31:28.294, 42129, 46068, 84, 295.53
2026/09/23 15:31:29.296, 42129, 46068, 86, 293.83
2026/09/23 15:31:30.297, 42129, 46068, 83, 287.53
2026/09/23 15:31:31.299, 42129, 46068, 84, 292.63
2026/09/23 15:31:32.302, 42129, 46068, 86, 285.99
2026/09/23 15:31:33.303, 42129, 46068, 85, 294.93
2026/09/23 15:31:34.304, 42129, 46068, 84, 288.75
2026/09/23 15:31:35.306, 42129, 46068, 84, 283.89
2026/09/23 15:31:36.307, 42129, 46068, 86, 289.47
2026/09/23 15:31:37.309, 42129, 46068, 83, 283.63
2026/09/23 15:31:38.311, 42129, 46068, 84, 287.65
2026/09/23 15:31:39.313, 42129, 46068, 86, 290.56
2026/09/23 15:31:40.315, 42129, 46068, 85, 281.55
2026/09/23 15:31:41.316, 42129, 46068, 83, 287.88
2026/09/23 15:31:42.317, 42129, 46068, 85, 287.39
2026/09/23 15:31:43.320, 42129, 46068, 82, 285.57
2026/09/23 15:31:44.321, 42129, 46068, 84, 286.92
2026/09/23 15:31:45.323, 42129, 46068, 83, 288.02
2026/09/23 15:31:46.324, 42129, 46068, 87, 285.94
2026/09/23 15:31:47.325, 42129, 46068, 81, 292.25
2026/09/23 15:31:48.327, 42129, 46068, 83, 282.37
2026/09/23 15:31:49.329, 42129, 46068, 83, 282.92
2026/09/23 15:31:50.331, 42129, 46068, 85, 275.16
2026/09/23 15:31:51.333, 42129, 46068, 84, 284.33
2026/09/23 15:31:52.335, 42129, 46068, 83, 276.23
2026/09/23 15:31:53.337, 42129, 46068, 82, 278.92
2026/09/23 15:31:54.339, 42129, 46068, 85, 283.93
2026/09/23 15:31:55.341, 42129, 46068, 84, 277.28
2026/09/23 15:31:56.343, 42129, 46068, 84, 281.75
2026/09/23 15:31:57.344, 42129, 46068, 83, 276.28
2026/09/23 15:31:58.346, 42129, 46068, 84, 279.47
2026/09/23 15:31:59.348, 42129, 46068, 84, 279.10
2026/09/23 15:32:00.350, 42129, 46068, 82, 275.18
2026/09/23 15:32:01.351, 42129, 46068, 83, 279.90
2026/09/23 15:32:02.353, 42129, 46068, 83, 289.04
2026/09/23 15:32:03.354, 42129, 46068, 82, 272.86
2026/09/23 15:32:04.356, 42129, 46068, 85, 276.97
2026/09/23 15:32:05.357, 42129, 46068, 82, 269.07
2026/09/23 15:32:06.359, 42129, 46068, 85, 279.35
2026/09/23 15:32:07.361, 42129, 46068, 84, 272.43
2026/09/23 15:32:08.362, 42129, 46068, 84, 275.72
2026/09/23 15:32:09.364, 42129, 46068, 84, 277.37
2026/09/23 15:32:10.365, 42129, 46068, 85, 271.13
2026/09/23 15:32:11.367, 42129, 46068, 84, 281.82
2026/09/23 15:32:12.369, 42129, 46068, 87, 276.42
2026/09/23 15:32:13.371, 42129, 46068, 84, 276.53
2026/09/23 15:32:14.373, 42129, 46068, 84, 278.04
2026/09/23 15:32:15.374, 42129, 46068, 84, 269.83
2026/09/23 15:32:16.377, 42129, 46068, 83, 277.21
2026/09/23 15:32:17.378, 42129, 46068, 87, 273.71
2026/09/23 15:32:18.381, 42129, 46068, 86, 277.18
2026/09/23 15:32:19.382, 42129, 46068, 86, 280.31
2026/09/23 15:32:20.385, 42129, 46068, 84, 273.10
2026/09/23 15:32:21.387, 42129, 46068, 84, 278.11
2026/09/23 15:32:22.388, 42129, 46068, 85, 279.90
2026/09/23 15:32:23.390, 42129, 46068, 84, 278.43
2026/09/23 15:32:24.392, 42129, 46068, 83, 283.84
2026/09/23 15:32:25.394, 42129, 46068, 82, 279.52
2026/09/23 15:32:26.396, 42129, 46068, 82, 281.63
2026/09/23 15:32:27.398, 42129, 46068, 82, 292.75
2026/09/23 15:32:28.399, 42129, 46068, 83, 281.39
2026/09/23 15:32:29.401, 42129, 46068, 84, 283.83
2026/09/23 15:32:30.402, 42129, 46068, 0, 127.66
2026/09/23 15:32:31.404, 42129, 46068, 0, 109.01
2026/09/23 15:32:32.406, 42129, 46068, 0, 108.65
2026/09/23 15:32:33.409, 42129, 46068, 88, 191.63
2026/09/23 15:32:34.411, 42129, 46068, 89, 290.78
2026/09/23 15:32:35.412, 42129, 46068, 91, 320.10
2026/09/23 15:32:36.414, 42129, 46068, 91, 331.31
2026/09/23 15:32:37.416, 42129, 46068, 93, 339.07
2026/09/23 15:32:38.417, 42129, 46068, 97, 319.52
2026/09/23 15:32:39.419, 42129, 46068, 92, 336.60
2026/09/23 15:32:40.421, 42129, 46068, 92, 331.50
2026/09/23 15:32:41.423, 42129, 46068, 94, 339.45
2026/09/23 15:32:42.425, 42129, 46068, 93, 352.06
2026/09/23 15:32:43.427, 42129, 46068, 93, 350.36
2026/09/23 15:32:44.429, 42129, 46068, 92, 325.71
2026/09/23 15:32:45.431, 42129, 46068, 96, 333.44
2026/09/23 15:32:46.433, 42129, 46068, 95, 325.00
2026/09/23 15:32:47.435, 42129, 46068, 92, 342.12
2026/09/23 15:32:48.437, 42129, 46068, 96, 345.80
2026/09/23 15:32:49.438, 42129, 46068, 90, 355.68
2026/09/23 15:32:50.441, 42129, 46068, 96, 344.44
2026/09/23 15:32:51.443, 42129, 46068, 95, 345.42
2026/09/23 15:32:52.445, 42129, 46068, 95, 336.00
2026/09/23 15:32:53.447, 42129, 46068, 100, 351.61
2026/09/23 15:32:54.449, 42129, 46068, 94, 342.16
2026/09/23 15:32:55.451, 42129, 46068, 94, 344.46
2026/09/23 15:32:56.453, 42129, 46068, 96, 350.67
2026/09/23 15:32:57.455, 42129, 46068, 94, 351.19
2026/09/23 15:32:58.457, 42129, 46068, 94, 339.53
2026/09/23 15:32:59.459, 42129, 46068, 94, 335.84
2026/09/23 15:33:00.461, 42129, 46068, 90, 335.60
2026/09/23 15:33:01.463, 42129, 46068, 94, 342.39
2026/09/23 15:33:02.464, 42129, 46068, 95, 353.11
2026/09/23 15:33:03.466, 42129, 46068, 89, 348.28
2026/09/23 15:33:04.468, 42129, 46068, 100, 342.28
2026/09/23 15:33:05.470, 42129, 46068, 94, 344.14
2026/09/23 15:33:06.471, 42129, 46068, 93, 334.80
2026/09/23 15:33:07.474, 42129, 46068, 100, 349.06
2026/09/23 15:33:08.475, 42129, 46068, 94, 341.15
2026/09/23 15:33:09.477, 42129, 46068, 86, 329.70
2026/09/23 15:33:10.479, 42129, 46068, 100, 338.10
2026/09/23 15:33:11.480, 42129, 46068, 93, 342.19
2026/09/23 15:33:12.482, 42129, 46068, 94, 338.47
2026/09/23 15:33:13.484, 42129, 46068, 94, 337.60
2026/09/23 15:33:14.486, 42129, 46068, 94, 336.51
2026/09/23 15:33:15.488, 42129, 46068, 93, 342.37
2026/09/23 15:33:16.490, 42129, 46068, 88, 343.41
2026/09/23 15:33:17.492, 42129, 46068, 93, 344.51
2026/09/23 15:33:18.494, 42129, 46068, 93, 343.30
2026/09/23 15:33:19.496, 42129, 46068, 93, 341.32
2026/09/23 15:33:20.498, 42129, 46068, 100, 342.82
2026/09/23 15:33:21.500, 42129, 46068, 93, 343.85
2026/09/23 15:33:22.501, 42129, 46068, 93, 341.87
2026/09/23 15:33:23.503, 42129, 46068, 93, 340.01
2026/09/23 15:33:24.505, 42129, 46068, 93, 346.66
2026/09/23 15:33:25.507, 42129, 46068, 97, 341.71
2026/09/23 15:33:26.508, 42129, 46068, 100, 350.94
2026/09/23 15:33:27.511, 42129, 46068, 93, 343.15
2026/09/23 15:33:28.513, 42129, 46068, 100, 346.50
2026/09/23 15:33:29.515, 42129, 46068, 94, 351.05
2026/09/23 15:33:30.517, 42129, 46068, 100, 342.46
2026/09/23 15:33:31.519, 42129, 46068, 93, 344.80
2026/09/23 15:33:32.521, 42129, 46068, 93, 354.59
2026/09/23 15:33:33.523, 42129, 46068, 100, 357.24
2026/09/23 15:33:34.525, 42129, 46068, 100, 342.43
2026/09/23 15:33:35.526, 42129, 46068, 100, 333.20
2026/09/23 15:33:36.528, 42129, 46068, 94, 338.36
2026/09/23 15:33:37.530, 42129, 46068, 94, 338.38
2026/09/23 15:33:38.532, 42129, 46068, 94, 351.41
2026/09/23 15:33:39.533, 42129, 46068, 100, 328.79
2026/09/23 15:33:40.535, 42129, 46068, 95, 344.11
2026/09/23 15:33:41.538, 42129, 46068, 100, 344.29
2026/09/23 15:33:42.540, 42129, 46068, 94, 330.63
2026/09/23 15:33:43.541, 42129, 46068, 93, 334.65
2026/09/23 15:33:44.546, 42129, 46068, 89, 335.10
2026/09/23 15:33:45.548, 42129, 46068, 94, 345.04
2026/09/23 15:33:46.550, 42129, 46068, 88, 340.87
2026/09/23 15:33:47.552, 42129, 46068, 93, 336.64
2026/09/23 15:33:48.554, 42129, 46068, 93, 339.52
2026/09/23 15:33:49.556, 42129, 46068, 94, 344.22
2026/09/23 15:33:50.561, 42129, 46068, 94, 336.15
2026/09/23 15:33:51.563, 42129, 46068, 100, 338.37
2026/09/23 15:33:52.566, 42129, 46068, 100, 343.74
2026/09/23 15:33:53.568, 42129, 46068, 89, 337.24
2026/09/23 15:33:54.570, 42129, 46068, 94, 344.04
2026/09/23 15:33:55.572, 42129, 46068, 100, 336.76
2026/09/23 15:33:56.575, 42129, 46068, 100, 350.12
2026/09/23 15:33:57.576, 42129, 46068, 100, 343.33
2026/09/23 15:33:58.578, 42129, 46068, 93, 338.54
2026/09/23 15:33:59.580, 42129, 46068, 100, 351.18
2026/09/23 15:34:00.581, 42129, 46068, 93, 343.44
2026/09/23 15:34:01.584, 42129, 46068, 100, 337.37
2026/09/23 15:34:02.586, 42129, 46068, 93, 350.16
2026/09/23 15:34:03.588, 42129, 46068, 93, 342.58
2026/09/23 15:34:04.589, 42129, 46068, 93, 345.69
2026/09/23 15:34:05.591, 42129, 46068, 93, 354.56
2026/09/23 15:34:06.593, 42129, 46068, 100, 353.94
2026/09/23 15:34:07.595, 42129, 46068, 100, 348.01
2026/09/23 15:34:08.597, 42129, 46068, 100, 344.13
2026/09/23 15:34:09.599, 42129, 46068, 94, 346.45
2026/09/23 15:34:10.601, 42129, 46068, 93, 338.63
2026/09/23 15:34:11.603, 42129, 46068, 93, 346.08
2026/09/23 15:34:12.605, 42129, 46068, 100, 351.66
2026/09/23 15:34:13.606, 42129, 46068, 100, 340.68
2026/09/23 15:34:14.608, 42129, 46068, 93, 348.17
2026/09/23 15:34:15.609, 42129, 46068, 94, 340.76
2026/09/23 15:34:16.611, 42129, 46068, 94, 336.10
2026/09/23 15:34:17.614, 42129, 46068, 94, 344.42
2026/09/23 15:34:18.615, 42129, 46068, 94, 329.43
2026/09/23 15:34:19.617, 42129, 46068, 92, 339.85
2026/09/23 15:34:20.619, 42129, 46068, 93, 337.13
2026/09/23 15:34:21.622, 42129, 46068, 93, 340.24
2026/09/23 15:34:22.623, 42129, 46068, 100, 331.83
2026/09/23 15:34:23.625, 42129, 46068, 88, 335.75
2026/09/23 15:34:24.627, 42129, 46068, 100, 337.27
2026/09/23 15:34:25.629, 42129, 46068, 94, 338.39
2026/09/23 15:34:26.632, 42129, 46068, 100, 338.73
2026/09/23 15:34:27.633, 42129, 46068, 100, 341.36
2026/09/23 15:34:28.635, 42129, 46068, 100, 333.19
2026/09/23 15:34:29.637, 42129, 46068, 92, 341.34
2026/09/23 15:34:30.639, 42129, 46068, 100, 338.91
2026/09/23 15:34:31.641, 42129, 46068, 93, 330.98
2026/09/23 15:34:32.644, 42129, 46068, 95, 334.60
2026/09/23 15:34:33.646, 42129, 46068, 93, 334.50
2026/09/23 15:34:34.648, 42129, 46068, 94, 330.98
2026/09/23 15:34:35.650, 42129, 46068, 93, 339.29
2026/09/23 15:34:36.652, 42129, 46068, 100, 336.33
2026/09/23 15:34:37.653, 42129, 46068, 94, 339.58
2026/09/23 15:34:38.656, 42129, 46068, 93, 328.51
2026/09/23 15:34:39.658, 42129, 46068, 99, 335.81
2026/09/23 15:34:40.659, 42129, 46068, 100, 342.79
2026/09/23 15:34:41.661, 42129, 46068, 94, 348.34
2026/09/23 15:34:42.663, 42129, 46068, 93, 337.99
2026/09/23 15:34:43.664, 42129, 46068, 93, 329.32
2026/09/23 15:34:44.666, 42129, 46068, 96, 350.28
2026/09/23 15:34:45.668, 42129, 46068, 97, 350.93
2026/09/23 15:34:46.670, 42129, 46068, 93, 344.67
2026/09/23 15:34:47.673, 42129, 46068, 93, 347.70
2026/09/23 15:34:48.675, 42129, 46068, 100, 340.12
2026/09/23 15:34:49.677, 42129, 46068, 93, 350.12
2026/09/23 15:34:50.678, 42129, 46068, 100, 351.37
2026/09/23 15:34:51.680, 42129, 46068, 93, 335.92
2026/09/23 15:34:52.681, 42129, 46068, 94, 346.79
2026/09/23 15:34:53.683, 42129, 46068, 100, 342.83
2026/09/23 15:34:54.684, 42129, 46068, 94, 344.05
2026/09/23 15:34:55.686, 42129, 46068, 94, 337.86
2026/09/23 15:34:56.688, 42129, 46068, 93, 342.30
2026/09/23 15:34:57.690, 42129, 46068, 100, 337.36
2026/09/23 15:34:58.692, 42129, 46068, 93, 342.86
2026/09/23 15:34:59.693, 42129, 46068, 93, 338.54
2026/09/23 15:35:00.695, 42129, 46068, 94, 332.74
2026/09/23 15:35:01.698, 42129, 46068, 93, 326.40
2026/09/23 15:35:02.699, 42129, 46068, 100, 344.54
2026/09/23 15:35:03.701, 42129, 46068, 100, 342.51
2026/09/23 15:35:04.703, 42129, 46068, 100, 344.09
2026/09/23 15:35:05.705, 42129, 46068, 93, 344.17
2026/09/23 15:35:06.708, 42129, 46068, 94, 339.35
2026/09/23 15:35:07.710, 42129, 46068, 98, 342.02
2026/09/23 15:35:08.713, 42129, 46068, 99, 344.36
2026/09/23 15:35:09.714, 42129, 46068, 93, 339.17
2026/09/23 15:35:10.717, 42129, 46068, 94, 340.86
2026/09/23 15:35:11.719, 42129, 46068, 82, 343.88
2026/09/23 15:35:12.728, 42129, 46068, 80, 314.03
2026/09/23 15:35:13.735, 42129, 46068, 100, 330.63
2026/09/23 15:35:14.744, 42129, 46068, 100, 344.67
2026/09/23 15:35:15.746, 42129, 46068, 91, 349.55
2026/09/23 15:35:16.747, 42129, 46068, 84, 350.68
2026/09/23 15:35:17.757, 42129, 46068, 100, 339.04
2026/09/23 15:35:18.762, 42129, 46068, 92, 353.50
2026/09/23 15:35:19.764, 42129, 46068, 98, 349.95
2026/09/23 15:35:20.767, 42129, 46068, 89, 342.24
2026/09/23 15:35:21.771, 42129, 46068, 100, 335.18
2026/09/23 15:35:22.772, 42129, 46068, 100, 342.57
2026/09/23 15:35:23.774, 42129, 46068, 100, 350.53
2026/09/23 15:35:24.776, 42129, 46068, 93, 353.52
2026/09/23 15:35:25.777, 42129, 46068, 100, 343.65
2026/09/23 15:35:26.779, 42129, 46068, 100, 341.39
2026/09/23 15:35:27.781, 42129, 46068, 100, 340.73
2026/09/23 15:35:28.783, 42129, 46068, 100, 333.22
2026/09/23 15:35:29.785, 42129, 46068, 87, 338.96
2026/09/23 15:35:30.787, 42129, 46068, 94, 330.10
2026/09/23 15:35:31.788, 42129, 46068, 93, 340.40
2026/09/23 15:35:32.790, 42129, 46068, 90, 337.23
2026/09/23 15:35:33.791, 42129, 46068, 94, 336.67
2026/09/23 15:35:34.793, 42129, 46068, 100, 335.62
2026/09/23 15:35:35.795, 42129, 46068, 93, 336.79
2026/09/23 15:35:36.796, 42129, 46068, 94, 341.02
2026/09/23 15:35:37.798, 42129, 46068, 94, 337.67
2026/09/23 15:35:38.799, 42129, 46068, 87, 334.35
2026/09/23 15:35:39.801, 42129, 46068, 94, 337.93
2026/09/23 15:35:40.803, 42129, 46068, 99, 343.46
2026/09/23 15:35:41.805, 42129, 46068, 100, 339.57
2026/09/23 15:35:42.806, 42129, 46068, 94, 337.34
2026/09/23 15:35:43.809, 42129, 46068, 100, 339.45
2026/09/23 15:35:44.810, 42129, 46068, 100, 338.91
2026/09/23 15:35:45.812, 42129, 46068, 93, 340.22
2026/09/23 15:35:46.814, 42129, 46068, 100, 343.99
2026/09/23 15:35:47.815, 42129, 46068, 95, 329.87
2026/09/23 15:35:48.817, 42129, 46068, 94, 334.85
2026/09/23 15:35:49.818, 42129, 46068, 96, 343.60
2026/09/23 15:35:50.820, 42129, 46068, 93, 332.81
2026/09/23 15:35:51.821, 42129, 46068, 94, 336.98
2026/09/23 15:35:52.823, 42129, 46068, 100, 334.29
2026/09/23 15:35:53.826, 42129, 46068, 100, 346.42
2026/09/23 15:35:54.828, 42129, 46068, 100, 340.92
2026/09/23 15:35:55.830, 42129, 46068, 93, 349.45
2026/09/23 15:35:56.832, 42129, 46068, 93, 352.12
2026/09/23 15:35:57.834, 42129, 46068, 93, 341.42
2026/09/23 15:35:58.836, 42129, 46068, 94, 337.34
2026/09/23 15:35:59.838, 42129, 46068, 100, 347.15
2026/09/23 15:36:00.840, 42129, 46068, 100, 350.45
2026/09/23 15:36:01.843, 42129, 46068, 100, 351.52
2026/09/23 15:36:02.845, 42129, 46068, 94, 343.74
2026/09/23 15:36:03.846, 42129, 46068, 100, 329.64
2026/09/23 15:36:04.848, 42129, 46068, 86, 337.80
2026/09/23 15:36:05.850, 42129, 46068, 98, 338.87
2026/09/23 15:36:06.852, 42129, 46068, 94, 334.43
2026/09/23 15:36:07.855, 42129, 46068, 94, 337.54
2026/09/23 15:36:08.857, 42129, 46068, 93, 337.17
2026/09/23 15:36:09.859, 42129, 46068, 94, 335.20
2026/09/23 15:36:10.861, 42129, 46068, 95, 335.05
2026/09/23 15:36:11.862, 42129, 46068, 94, 335.74
2026/09/23 15:36:12.864, 42129, 46068, 100, 336.24
2026/09/23 15:36:13.866, 42129, 46068, 93, 329.20
2026/09/23 15:36:14.868, 42129, 46068, 93, 334.23
2026/09/23 15:36:15.870, 42129, 46068, 94, 341.95
2026/09/23 15:36:16.872, 42129, 46068, 94, 343.64
2026/09/23 15:36:17.874, 42129, 46068, 100, 338.40
2026/09/23 15:36:18.876, 42129, 46068, 94, 329.30
2026/09/23 15:36:19.878, 42129, 46068, 94, 347.75
2026/09/23 15:36:20.879, 42129, 46068, 94, 335.61
2026/09/23 15:36:21.881, 42129, 46068, 93, 338.41
2026/09/23 15:36:22.883, 42129, 46068, 94, 333.08
2026/09/23 15:36:23.885, 42129, 46068, 95, 341.34
2026/09/23 15:36:24.887, 42129, 46068, 89, 338.02
2026/09/23 15:36:25.889, 42129, 46068, 93, 338.55
2026/09/23 15:36:26.891, 42129, 46068, 94, 334.80
2026/09/23 15:36:27.894, 42129, 46068, 94, 338.38
2026/09/23 15:36:28.896, 42129, 46068, 100, 347.27
2026/09/23 15:36:29.898, 42129, 46068, 100, 340.78
2026/09/23 15:36:30.899, 42129, 46068, 100, 350.68
2026/09/23 15:36:31.901, 42129, 46068, 96, 351.26
2026/09/23 15:36:32.902, 42129, 46068, 94, 336.62
2026/09/23 15:36:33.904, 42129, 46068, 93, 342.10
2026/09/23 15:36:34.906, 42129, 46068, 93, 332.15
2026/09/23 15:36:35.908, 42129, 46068, 96, 335.72
2026/09/23 15:36:36.909, 42129, 46068, 94, 357.32
2026/09/23 15:36:37.911, 42129, 46068, 94, 339.11
2026/09/23 15:36:38.912, 42129, 46068, 88, 338.40
2026/09/23 15:36:39.914, 42129, 46068, 94, 327.04
2026/09/23 15:36:40.916, 42129, 46068, 94, 332.89
2026/09/23 15:36:41.917, 42129, 46068, 97, 341.02
2026/09/23 15:36:42.919, 42129, 46068, 94, 346.60
2026/09/23 15:36:43.921, 42129, 46068, 94, 326.09
2026/09/23 15:36:44.923, 42129, 46068, 95, 335.26
2026/09/23 15:36:45.925, 42129, 46068, 96, 336.81
2026/09/23 15:36:46.927, 42129, 46068, 100, 341.54
2026/09/23 15:36:47.929, 42129, 46068, 88, 335.11
2026/09/23 15:36:48.931, 42129, 46068, 100, 339.65
2026/09/23 15:36:49.932, 42129, 46068, 94, 340.23
2026/09/23 15:36:50.934, 42129, 46068, 93, 332.46
2026/09/23 15:36:51.936, 42129, 46068, 94, 333.30
2026/09/23 15:36:52.938, 42129, 46068, 90, 331.37
2026/09/23 15:36:53.940, 42129, 46068, 0, 142.09
2026/09/23 15:36:54.941, 42129, 46068, 0, 102.08
2026/09/23 15:36:55.943, 42129, 46068, 0, 100.36
2026/09/23 15:36:56.945, 42129, 46068, 0, 99.61
2026/09/23 15:36:57.947, 42129, 46068, 0, 99.11
2026/09/23 15:36:58.948, 42129, 46068, 0, 98.03
2026/09/23 15:36:59.950, 42129, 46068, 0, 98.20
2026/09/23 15:37:00.952, 42129, 46068, 0, 98.03
2026/09/23 15:37:01.953, 42129, 46068, 0, 97.90
2026/09/23 15:37:02.955, 42129, 46068, 0, 97.75
2026/09/23 15:37:03.956, 42129, 46068, 0, 97.66
2026/09/23 15:37:04.958, 42129, 46068, 0, 97.65
2026/09/23 15:37:05.960, 42129, 46068, 0, 97.37
2026/09/23 15:37:06.961, 42129, 46068, 0, 96.89
2026/09/23 15:37:07.963, 42129, 46068, 0, 96.57
2026/09/23 15:37:08.964, 42129, 46068, 0, 95.65
2026/09/23 15:37:09.966, 42129, 46068, 0, 95.59
2026/09/23 15:37:10.968, 42129, 46068, 0, 97.16
2026/09/23 15:37:11.970, 42129, 46068, 0, 96.47
2026/09/23 15:37:12.972, 42129, 46068, 0, 95.61
2026/09/23 15:37:13.973, 42129, 46068, 0, 95.96
2026/09/23 15:37:14.975, 42129, 46068, 0, 95.41
2026/09/23 15:37:15.976, 42129, 46068, 0, 95.08
2026/09/23 15:37:16.979, 42129, 46068, 0, 94.79
2026/09/23 15:37:17.980, 42129, 46068, 0, 95.01
2026/09/23 15:37:18.981, 42129, 46068, 0, 95.41
2026/09/23 15:37:19.982, 42129, 46068, 0, 95.03
2026/09/23 15:37:20.984, 42129, 46068, 0, 94.58
2026/09/23 15:37:21.986, 42129, 46068, 0, 94.20
2026/09/23 15:37:22.988, 42129, 46068, 0, 94.46
2026/09/23 15:37:23.989, 42129, 46068, 0, 94.52
2026/09/23 15:37:24.992, 42129, 46068, 0, 94.49
2026/09/23 15:37:25.994, 42129, 46068, 84, 189.44
2026/09/23 15:37:26.996, 42129, 46068, 83, 257.63
2026/09/23 15:37:27.997, 42129, 46068, 87, 246.71
2026/09/23 15:37:28.999, 42129, 46068, 80, 258.66
2026/09/23 15:37:30.001, 42129, 46068, 82, 258.31
2026/09/23 15:37:31.003, 42129, 46068, 85, 273.80
2026/09/23 15:37:32.005, 42129, 46068, 83, 263.59
2026/09/23 15:37:33.007, 42129, 46068, 82, 266.26
2026/09/23 15:37:34.008, 42129, 46068, 84, 261.14
2026/09/23 15:37:35.010, 42129, 46068, 83, 264.53
2026/09/23 15:37:36.012, 42129, 46068, 82, 277.85
2026/09/23 15:37:37.014, 42129, 46068, 81, 259.88
2026/09/23 15:37:38.016, 42129, 46068, 83, 265.88
2026/09/23 15:37:39.018, 42129, 46068, 82, 265.15
2026/09/23 15:37:40.019, 42129, 46068, 83, 268.19
2026/09/23 15:37:41.021, 42129, 46068, 83, 269.58
2026/09/23 15:37:42.022, 42129, 46068, 83, 267.33
2026/09/23 15:37:43.024, 42129, 46068, 84, 271.06
2026/09/23 15:37:44.025, 42129, 46068, 87, 264.29
2026/09/23 15:37:45.027, 42129, 46068, 82, 266.56
2026/09/23 15:37:46.028, 42129, 46068, 83, 262.49
2026/09/23 15:37:47.030, 42129, 46068, 84, 269.86
2026/09/23 15:37:48.031, 42129, 46068, 84, 269.93
2026/09/23 15:37:49.033, 42129, 46068, 85, 266.91
2026/09/23 15:37:50.035, 42129, 46068, 83, 270.90
2026/09/23 15:37:51.037, 42129, 46068, 83, 267.10
2026/09/23 15:37:52.038, 42129, 46068, 86, 273.21
2026/09/23 15:37:53.039, 42129, 46068, 83, 269.40
2026/09/23 15:37:54.041, 42129, 46068, 85, 269.04
2026/09/23 15:37:55.043, 42129, 46068, 84, 274.29
2026/09/23 15:37:56.045, 42129, 46068, 84, 282.28
2026/09/23 15:37:57.046, 42129, 46068, 84, 276.27
2026/09/23 15:37:58.048, 42129, 46068, 84, 277.25
2026/09/23 15:37:59.049, 42129, 46068, 83, 269.92
2026/09/23 15:38:00.051, 42129, 46068, 84, 276.98
2026/09/23 15:38:01.053, 42129, 46068, 85, 276.58
2026/09/23 15:38:02.055, 42129, 46068, 84, 278.90
2026/09/23 15:38:03.057, 42129, 46068, 84, 277.01
2026/09/23 15:38:04.058, 42129, 46068, 84, 279.27
2026/09/23 15:38:05.061, 42129, 46068, 84, 277.75
2026/09/23 15:38:06.062, 42129, 46068, 82, 275.22
2026/09/23 15:38:07.065, 42129, 46068, 83, 277.92
2026/09/23 15:38:08.066, 42129, 46068, 84, 272.83
2026/09/23 15:38:09.069, 42129, 46068, 83, 280.59
2026/09/23 15:38:10.070, 42129, 46068, 83, 275.39
2026/09/23 15:38:11.072, 42129, 46068, 86, 266.89
2026/09/23 15:38:12.073, 42129, 46068, 84, 270.40
2026/09/23 15:38:13.075, 42129, 46068, 85, 269.40
2026/09/23 15:38:14.077, 42129, 46068, 83, 277.51
2026/09/23 15:38:15.078, 42129, 46068, 85, 270.41
2026/09/23 15:38:16.079, 42129, 46068, 78, 271.15
2026/09/23 15:38:17.081, 42129, 46068, 86, 267.54
2026/09/23 15:38:18.087, 42129, 46068, 83, 267.76
2026/09/23 15:38:19.089, 42129, 46068, 83, 277.31
2026/09/23 15:38:20.090, 42129, 46068, 82, 267.63
2026/09/23 15:38:21.092, 42129, 46068, 83, 264.67
2026/09/23 15:38:22.094, 42129, 46068, 84, 261.86
2026/09/23 15:38:23.095, 42129, 46068, 84, 264.76
2026/09/23 15:38:24.096, 42129, 46068, 80, 261.22
2026/09/23 15:38:25.098, 42129, 46068, 85, 261.96
2026/09/23 15:38:26.100, 42129, 46068, 83, 270.00
2026/09/23 15:38:27.101, 42129, 46068, 84, 267.32
2026/09/23 15:38:28.103, 42129, 46068, 81, 263.88
2026/09/23 15:38:29.105, 42129, 46068, 83, 257.91
2026/09/23 15:38:30.107, 42129, 46068, 84, 267.31
2026/09/23 15:38:31.109, 42129, 46068, 84, 265.38
2026/09/23 15:38:32.110, 42129, 46068, 81, 257.26
2026/09/23 15:38:33.112, 42129, 46068, 79, 252.38
2026/09/23 15:38:34.114, 42129, 46068, 83, 252.97
2026/09/23 15:38:35.115, 42129, 46068, 82, 257.54
2026/09/23 15:38:36.118, 42129, 46068, 81, 258.73
2026/09/23 15:38:37.120, 42129, 46068, 84, 269.46
2026/09/23 15:38:38.122, 42129, 46068, 85, 259.36
2026/09/23 15:38:39.123, 42129, 46068, 85, 272.53
2026/09/23 15:38:40.125, 42129, 46068, 82, 257.32
2026/09/23 15:38:41.127, 42129, 46068, 84, 260.36
2026/09/23 15:38:42.129, 42129, 46068, 85, 266.68
2026/09/23 15:38:43.130, 42129, 46068, 87, 261.29
2026/09/23 15:38:44.131, 42129, 46068, 0, 196.87
2026/09/23 15:38:45.135, 42129, 46068, 0, 111.42
2026/09/23 15:38:46.136, 42129, 46068, 0, 94.09
2026/09/23 15:38:47.137, 42129, 46068, 0, 93.30
2026/09/23 15:38:48.138, 42129, 46068, 0, 92.87
2026/09/23 15:38:49.140, 42129, 46068, 0, 92.10
2026/09/23 15:38:50.142, 42129, 46068, 0, 91.54
2026/09/23 15:38:51.143, 42129, 46068, 0, 91.51
2026/09/23 15:38:52.144, 42129, 46068, 0, 91.05
2026/09/23 15:38:53.146, 42129, 46068, 0, 90.83
2026/09/23 15:38:54.148, 42129, 46068, 0, 90.92
2026/09/23 15:38:55.149, 42129, 46068, 0, 91.69
2026/09/23 15:38:56.151, 42129, 46068, 0, 91.10
2026/09/23 15:38:57.153, 42129, 46068, 0, 89.83
2026/09/23 15:38:58.155, 42129, 46068, 0, 89.93
2026/09/23 15:38:59.157, 42129, 46068, 84, 127.88
2026/09/23 15:39:00.158, 42129, 46068, 85, 247.20
2026/09/23 15:39:01.160, 42129, 46068, 81, 248.28
2026/09/23 15:39:02.162, 42129, 46068, 100, 336.64
2026/09/23 15:39:03.164, 42129, 46068, 100, 350.28
2026/09/23 15:39:04.166, 42129, 46068, 85, 328.65
2026/09/23 15:39:05.168, 42129, 46068, 89, 288.73
2026/09/23 15:39:06.170, 42129, 46068, 87, 299.26
2026/09/23 15:39:07.171, 42129, 46068, 87, 297.21
2026/09/23 15:39:08.173, 42129, 46068, 88, 297.85
2026/09/23 15:39:09.175, 42129, 46068, 89, 300.36
2026/09/23 15:39:10.177, 42129, 46068, 97, 352.88
2026/09/23 15:39:11.179, 42129, 46068, 97, 345.61
2026/09/23 15:39:12.181, 42129, 46068, 94, 340.17
2026/09/23 15:39:13.183, 42129, 46068, 88, 300.55
2026/09/23 15:39:14.184, 42129, 46068, 88, 300.91
2026/09/23 15:39:15.187, 42129, 46068, 87, 299.24
2026/09/23 15:39:16.189, 42129, 46068, 90, 302.05
2026/09/23 15:39:17.190, 42129, 46068, 90, 304.43
2026/09/23 15:39:18.193, 42129, 46068, 97, 332.30
2026/09/23 15:39:19.195, 42129, 46068, 96, 353.18
2026/09/23 15:39:20.196, 42129, 46068, 96, 351.38
2026/09/23 15:39:21.198, 42129, 46068, 87, 298.47
2026/09/23 15:39:22.200, 42129, 46068, 88, 302.90
2026/09/23 15:39:23.202, 42129, 46068, 85, 302.04
2026/09/23 15:39:24.203, 42129, 46068, 90, 302.65
2026/09/23 15:39:25.205, 42129, 46068, 89, 304.54
2026/09/23 15:39:26.207, 42129, 46068, 96, 321.83
2026/09/23 15:39:27.209, 42129, 46068, 97, 352.03
2026/09/23 15:39:28.212, 42129, 46068, 96, 354.80
2026/09/23 15:39:29.214, 42129, 46068, 86, 310.42
2026/09/23 15:39:30.216, 42129, 46068, 87, 300.80
2026/09/23 15:39:31.218, 42129, 46068, 88, 303.32
2026/09/23 15:39:32.220, 42129, 46068, 90, 307.36
2026/09/23 15:39:33.222, 42129, 46068, 88, 303.74
2026/09/23 15:39:34.224, 42129, 46068, 99, 324.70
2026/09/23 15:39:35.226, 42129, 46068, 96, 354.49
2026/09/23 15:39:36.227, 42129, 46068, 97, 350.21
2026/09/23 15:39:37.229, 42129, 46068, 89, 320.44
2026/09/23 15:39:38.230, 42129, 46068, 87, 303.61
2026/09/23 15:39:39.232, 42129, 46068, 88, 299.34
2026/09/23 15:39:40.234, 42129, 46068, 87, 302.89
2026/09/23 15:39:41.237, 42129, 46068, 90, 302.46
2026/09/23 15:39:42.239, 42129, 46068, 96, 312.04
2026/09/23 15:39:43.241, 42129, 46068, 96, 344.25
2026/09/23 15:39:44.242, 42129, 46068, 96, 346.53
2026/09/23 15:39:45.244, 42129, 46068, 86, 330.32
2026/09/23 15:39:46.246, 42129, 46068, 89, 310.80
2026/09/23 15:39:47.248, 42129, 46068, 85, 310.13
2026/09/23 15:39:48.250, 42129, 46068, 88, 307.63
2026/09/23 15:39:49.252, 42129, 46068, 90, 310.76
2026/09/23 15:39:50.254, 42129, 46068, 92, 316.05
2026/09/23 15:39:51.257, 42129, 46068, 100, 345.03
2026/09/23 15:39:52.258, 42129, 46068, 100, 346.98
2026/09/23 15:39:53.260, 42129, 46068, 87, 336.55
2026/09/23 15:39:54.262, 42129, 46068, 87, 310.44
2026/09/23 15:39:55.265, 42129, 46068, 87, 308.82
2026/09/23 15:39:56.267, 42129, 46068, 87, 311.90
2026/09/23 15:39:57.268, 42129, 46068, 86, 318.61
2026/09/23 15:39:58.270, 42129, 46068, 87, 305.67
2026/09/23 15:39:59.272, 42129, 46068, 96, 335.84
2026/09/23 15:40:00.274, 42129, 46068, 96, 343.94
2026/09/23 15:40:01.276, 42129, 46068, 97, 341.10
2026/09/23 15:40:02.278, 42129, 46068, 88, 312.80
2026/09/23 15:40:03.280, 42129, 46068, 91, 316.43
2026/09/23 15:40:04.282, 42129, 46068, 88, 316.76
2026/09/23 15:40:05.284, 42129, 46068, 91, 317.92
2026/09/23 15:40:06.287, 42129, 46068, 91, 319.24
2026/09/23 15:40:07.289, 42129, 46068, 97, 344.04
2026/09/23 15:40:08.291, 42129, 46068, 96, 347.20
2026/09/23 15:40:09.292, 42129, 46068, 100, 354.65
2026/09/23 15:40:10.294, 42129, 46068, 89, 317.45
2026/09/23 15:40:11.296, 42129, 46068, 89, 319.50
2026/09/23 15:40:12.297, 42129, 46068, 88, 316.08
2026/09/23 15:40:13.299, 42129, 46068, 92, 321.85
2026/09/23 15:40:14.301, 42129, 46068, 88, 319.28
2026/09/23 15:40:15.302, 42129, 46068, 100, 344.92
2026/09/23 15:40:16.305, 42129, 46068, 100, 351.73
2026/09/23 15:40:17.307, 42129, 46068, 100, 347.44
2026/09/23 15:40:18.309, 42129, 46068, 86, 322.50
2026/09/23 15:40:19.311, 42129, 46068, 86, 318.14
2026/09/23 15:40:20.312, 42129, 46068, 86, 324.38
2026/09/23 15:40:21.314, 42129, 46068, 85, 314.55
2026/09/23 15:40:22.315, 42129, 46068, 88, 321.78
2026/09/23 15:40:23.317, 42129, 46068, 88, 322.57
2026/09/23 15:40:24.319, 42129, 46068, 0, 129.85
2026/09/23 15:40:25.321, 42129, 46068, 0, 108.65
2026/09/23 15:40:26.324, 42129, 46068, 0, 108.30
2026/09/23 15:40:27.325, 42129, 46068, 0, 108.12
2026/09/23 15:40:28.326, 42129, 46068, 0, 107.74
2026/09/23 15:40:29.328, 42129, 46068, 0, 107.27
2026/09/23 15:40:30.330, 42129, 46068, 0, 107.36
2026/09/23 15:40:31.332, 42129, 46068, 0, 107.28
2026/09/23 15:40:32.333, 42129, 46068, 0, 106.21
2026/09/23 15:40:33.335, 42129, 46068, 0, 105.89
2026/09/23 15:40:34.337, 42129, 46068, 0, 107.35
2026/09/23 15:40:35.339, 42129, 46068, 0, 107.45
2026/09/23 15:40:36.341, 42129, 46068, 0, 106.07
2026/09/23 15:40:37.343, 42129, 46068, 0, 105.98
2026/09/23 15:40:38.345, 42129, 46068, 0, 106.14
2026/09/23 15:40:39.347, 42129, 46068, 0, 106.78
2026/09/23 15:40:40.348, 42129, 46068, 0, 106.39
2026/09/23 15:40:41.350, 42129, 46068, 84, 179.77
2026/09/23 15:40:42.352, 42129, 46068, 82, 276.60
2026/09/23 15:40:43.353, 42129, 46068, 85, 276.49
2026/09/23 15:40:44.354, 42129, 46068, 97, 310.77
2026/09/23 15:40:45.356, 42129, 46068, 96, 346.86
2026/09/23 15:40:46.359, 42129, 46068, 97, 349.59
2026/09/23 15:40:47.360, 42129, 46068, 100, 348.47
2026/09/23 15:40:48.362, 42129, 46068, 96, 346.21
2026/09/23 15:40:49.364, 42129, 46068, 100, 350.92
2026/09/23 15:40:50.366, 42129, 46068, 100, 349.29
2026/09/23 15:40:51.369, 42129, 46068, 100, 356.61
2026/09/23 15:40:52.371, 42129, 46068, 100, 353.84
2026/09/23 15:40:53.373, 42129, 46068, 100, 357.72
2026/09/23 15:40:54.374, 42129, 46068, 100, 359.14
2026/09/23 15:40:55.376, 42129, 46068, 93, 346.87
2026/09/23 15:40:56.378, 42129, 46068, 100, 348.05
2026/09/23 15:40:57.380, 42129, 46068, 95, 339.38
2026/09/23 15:40:58.382, 42129, 46068, 89, 326.30
2026/09/23 15:40:59.384, 42129, 46068, 89, 331.18
2026/09/23 15:41:00.386, 42129, 46068, 94, 331.31
2026/09/23 15:41:01.388, 42129, 46068, 95, 335.86
2026/09/23 15:41:02.390, 42129, 46068, 90, 331.30
2026/09/23 15:41:03.393, 42129, 46068, 89, 330.76
2026/09/23 15:41:04.395, 42129, 46068, 93, 333.80
2026/09/23 15:41:05.397, 42129, 46068, 95, 324.96
2026/09/23 15:41:06.399, 42129, 46068, 89, 331.22
2026/09/23 15:41:07.400, 42129, 46068, 89, 334.93
2026/09/23 15:41:08.402, 42129, 46068, 94, 336.63
2026/09/23 15:41:09.404, 42129, 46068, 94, 339.25
2026/09/23 15:41:10.406, 42129, 46068, 100, 349.13
2026/09/23 15:41:11.408, 42129, 46068, 100, 351.51
2026/09/23 15:41:12.410, 42129, 46068, 100, 346.61
2026/09/23 15:41:13.412, 42129, 46068, 97, 359.39
2026/09/23 15:41:14.416, 42129, 46068, 100, 347.16
2026/09/23 15:41:15.418, 42129, 46068, 100, 348.98
2026/09/23 15:41:16.420, 42129, 46068, 94, 350.83
2026/09/23 15:41:17.422, 42129, 46068, 100, 353.51
2026/09/23 15:41:18.424, 42129, 46068, 94, 337.00
2026/09/23 15:41:19.425, 42129, 46068, 100, 337.19
2026/09/23 15:41:20.427, 42129, 46068, 94, 346.08
2026/09/23 15:41:21.428, 42129, 46068, 100, 346.56
2026/09/23 15:41:22.430, 42129, 46068, 94, 342.63
2026/09/23 15:41:23.432, 42129, 46068, 100, 348.53
2026/09/23 15:41:24.434, 42129, 46068, 94, 351.89
2026/09/23 15:41:25.437, 42129, 46068, 90, 337.08
2026/09/23 15:41:26.438, 42129, 46068, 90, 323.91
2026/09/23 15:41:27.440, 42129, 46068, 95, 329.26
2026/09/23 15:41:28.442, 42129, 46068, 94, 333.87
2026/09/23 15:41:29.443, 42129, 46068, 88, 343.91
2026/09/23 15:41:30.445, 42129, 46068, 94, 328.74
2026/09/23 15:41:31.446, 42129, 46068, 90, 328.49
2026/09/23 15:41:32.448, 42129, 46068, 88, 324.60
2026/09/23 15:41:33.450, 42129, 46068, 89, 332.10
2026/09/23 15:41:34.452, 42129, 46068, 92, 334.05
2026/09/23 15:41:35.454, 42129, 46068, 94, 328.82
2026/09/23 15:41:36.456, 42129, 46068, 88, 338.70
2026/09/23 15:41:37.458, 42129, 46068, 100, 343.05
2026/09/23 15:41:38.459, 42129, 46068, 100, 339.96
2026/09/23 15:41:39.461, 42129, 46068, 94, 349.40
2026/09/23 15:41:40.463, 42129, 46068, 93, 352.72
2026/09/23 15:41:41.465, 42129, 46068, 97, 343.88
2026/09/23 15:41:42.467, 42129, 46068, 100, 349.14
2026/09/23 15:41:43.469, 42129, 46068, 100, 355.71
2026/09/23 15:41:44.471, 42129, 46068, 91, 349.31
2026/09/23 15:41:45.472, 42129, 46068, 92, 338.70
2026/09/23 15:41:46.474, 42129, 46068, 92, 343.64
2026/09/23 15:41:47.476, 42129, 46068, 100, 349.40
2026/09/23 15:41:48.479, 42129, 46068, 100, 352.15
2026/09/23 15:41:49.480, 42129, 46068, 96, 352.73
2026/09/23 15:41:50.482, 42129, 46068, 93, 350.41
2026/09/23 15:41:51.484, 42129, 46068, 100, 351.82
2026/09/23 15:41:52.485, 42129, 46068, 93, 347.01
2026/09/23 15:41:53.487, 42129, 46068, 97, 351.44
2026/09/23 15:41:54.489, 42129, 46068, 100, 350.01
2026/09/23 15:41:55.491, 42129, 46068, 90, 332.93
2026/09/23 15:41:56.494, 42129, 46068, 89, 322.07
2026/09/23 15:41:57.496, 42129, 46068, 94, 317.09
2026/09/23 15:41:58.497, 42129, 46068, 91, 324.17
2026/09/23 15:41:59.501, 42129, 46068, 91, 328.20
2026/09/23 15:42:00.503, 42129, 46068, 88, 332.98
2026/09/23 15:42:01.504, 42129, 46068, 90, 330.28
2026/09/23 15:42:02.506, 42129, 46068, 95, 332.76
2026/09/23 15:42:03.507, 42129, 46068, 90, 326.13
2026/09/23 15:42:04.510, 42129, 46068, 87, 325.68
2026/09/23 15:42:05.511, 42129, 46068, 95, 330.60
2026/09/23 15:42:06.513, 42129, 46068, 100, 335.54
2026/09/23 15:42:07.515, 42129, 46068, 100, 345.68
2026/09/23 15:42:08.516, 42129, 46068, 93, 351.14
2026/09/23 15:42:09.518, 42129, 46068, 100, 353.21
2026/09/23 15:42:10.520, 42129, 46068, 100, 344.96
2026/09/23 15:42:11.522, 42129, 46068, 100, 354.87
2026/09/23 15:42:12.524, 42129, 46068, 100, 351.53
2026/09/23 15:42:13.525, 42129, 46068, 100, 354.40
2026/09/23 15:42:14.528, 42129, 46068, 100, 356.26
2026/09/23 15:42:15.530, 42129, 46068, 100, 355.27
2026/09/23 15:42:16.531, 42129, 46068, 100, 343.64
2026/09/23 15:42:17.533, 42129, 46068, 100, 343.74
2026/09/23 15:42:18.535, 42129, 46068, 93, 346.74
2026/09/23 15:42:19.536, 42129, 46068, 93, 352.56
2026/09/23 15:42:20.538, 42129, 46068, 100, 340.42
2026/09/23 15:42:21.540, 42129, 46068, 95, 343.99
2026/09/23 15:42:22.542, 42129, 46068, 100, 349.14
2026/09/23 15:42:23.545, 42129, 46068, 93, 347.40
2026/09/23 15:42:24.547, 42129, 46068, 87, 338.20
2026/09/23 15:42:25.549, 42129, 46068, 88, 331.37
2026/09/23 15:42:26.554, 42129, 46068, 90, 329.71
2026/09/23 15:42:27.555, 42129, 46068, 89, 336.82
2026/09/23 15:42:28.558, 42129, 46068, 87, 327.98
2026/09/23 15:42:29.560, 42129, 46068, 95, 324.04
2026/09/23 15:42:30.561, 42129, 46068, 96, 330.93
2026/09/23 15:42:31.564, 42129, 46068, 95, 325.11
2026/09/23 15:42:32.566, 42129, 46068, 88, 328.50
2026/09/23 15:42:33.568, 42129, 46068, 96, 331.95
2026/09/23 15:42:34.570, 42129, 46068, 90, 336.15
2026/09/23 15:42:35.572, 42129, 46068, 100, 328.03
2026/09/23 15:42:36.574, 42129, 46068, 100, 334.68
2026/09/23 15:42:37.576, 42129, 46068, 100, 335.88
2026/09/23 15:42:38.578, 42129, 46068, 92, 351.18
2026/09/23 15:42:39.580, 42129, 46068, 94, 344.67
2026/09/23 15:42:40.582, 42129, 46068, 93, 354.10
2026/09/23 15:42:41.584, 42129, 46068, 93, 351.40
2026/09/23 15:42:42.586, 42129, 46068, 94, 351.70
2026/09/23 15:42:43.588, 42129, 46068, 94, 345.02
2026/09/23 15:42:44.589, 42129, 46068, 100, 349.71
2026/09/23 15:42:45.591, 42129, 46068, 100, 350.97
2026/09/23 15:42:46.592, 42129, 46068, 93, 348.83
2026/09/23 15:42:47.594, 42129, 46068, 100, 347.84
2026/09/23 15:42:48.595, 42129, 46068, 95, 352.47
2026/09/23 15:42:49.598, 42129, 46068, 100, 343.08
2026/09/23 15:42:50.600, 42129, 46068, 94, 349.64
2026/09/23 15:42:51.602, 42129, 46068, 100, 348.12
2026/09/23 15:42:52.604, 42129, 46068, 94, 343.97
2026/09/23 15:42:53.606, 42129, 46068, 88, 321.39
2026/09/23 15:42:54.608, 42129, 46068, 90, 321.38
2026/09/23 15:42:55.610, 42129, 46068, 89, 324.35
2026/09/23 15:42:56.612, 42129, 46068, 91, 321.92
2026/09/23 15:42:57.614, 42129, 46068, 96, 333.03
2026/09/23 15:42:58.615, 42129, 46068, 93, 328.80
2026/09/23 15:42:59.618, 42129, 46068, 91, 330.38
2026/09/23 15:43:00.620, 42129, 46068, 95, 324.83
2026/09/23 15:43:01.622, 42129, 46068, 88, 330.79
2026/09/23 15:43:02.624, 42129, 46068, 94, 322.46
2026/09/23 15:43:03.626, 42129, 46068, 87, 328.39
2026/09/23 15:43:04.628, 42129, 46068, 92, 325.72
2026/09/23 15:43:05.632, 42129, 46068, 94, 344.30
2026/09/23 15:43:06.634, 42129, 46068, 100, 349.35
2026/09/23 15:43:07.636, 42129, 46068, 100, 341.11
2026/09/23 15:43:08.637, 42129, 46068, 100, 343.80
2026/09/23 15:43:09.639, 42129, 46068, 100, 343.93
2026/09/23 15:43:10.641, 42129, 46068, 100, 351.29
2026/09/23 15:43:11.642, 42129, 46068, 100, 352.46
2026/09/23 15:43:12.644, 42129, 46068, 100, 345.29
2026/09/23 15:43:13.646, 42129, 46068, 92, 341.34
2026/09/23 15:43:14.648, 42129, 46068, 97, 354.39
2026/09/23 15:43:15.650, 42129, 46068, 100, 351.18
2026/09/23 15:43:16.652, 42129, 46068, 94, 346.79
2026/09/23 15:43:17.654, 42129, 46068, 100, 337.81
2026/09/23 15:43:18.655, 42129, 46068, 94, 347.87
2026/09/23 15:43:19.657, 42129, 46068, 100, 347.30
2026/09/23 15:43:20.660, 42129, 46068, 94, 345.61
2026/09/23 15:43:21.662, 42129, 46068, 100, 348.33
2026/09/23 15:43:22.663, 42129, 46068, 90, 339.69
2026/09/23 15:43:23.665, 42129, 46068, 89, 328.71
2026/09/23 15:43:24.667, 42129, 46068, 89, 330.46
2026/09/23 15:43:25.669, 42129, 46068, 90, 344.24
2026/09/23 15:43:26.670, 42129, 46068, 95, 327.57
2026/09/23 15:43:27.672, 42129, 46068, 95, 331.41
2026/09/23 15:43:28.674, 42129, 46068, 95, 332.15
2026/09/23 15:43:29.676, 42129, 46068, 95, 331.80
2026/09/23 15:43:30.677, 42129, 46068, 89, 329.24
2026/09/23 15:43:31.679, 42129, 46068, 90, 341.15
2026/09/23 15:43:32.681, 42129, 46068, 95, 340.36
2026/09/23 15:43:33.682, 42129, 46068, 93, 341.11
2026/09/23 15:43:34.684, 42129, 46068, 92, 347.27
2026/09/23 15:43:35.686, 42129, 46068, 93, 349.61
2026/09/23 15:43:36.687, 42129, 46068, 93, 340.10
2026/09/23 15:43:37.689, 42129, 46068, 100, 350.62
2026/09/23 15:43:38.691, 42129, 46068, 100, 349.71
2026/09/23 15:43:39.693, 42129, 46068, 100, 352.10
2026/09/23 15:43:40.695, 42129, 46068, 92, 342.84
2026/09/23 15:43:41.696, 42129, 46068, 93, 347.14
2026/09/23 15:43:42.698, 42129, 46068, 93, 341.45
2026/09/23 15:43:43.700, 42129, 46068, 100, 348.08
2026/09/23 15:43:44.702, 42129, 46068, 100, 348.76
2026/09/23 15:43:45.704, 42129, 46068, 94, 350.01
2026/09/23 15:43:46.706, 42129, 46068, 100, 347.03
2026/09/23 15:43:47.708, 42129, 46068, 94, 348.63
2026/09/23 15:43:48.710, 42129, 46068, 100, 346.93
2026/09/23 15:43:49.712, 42129, 46068, 100, 353.45
2026/09/23 15:43:50.714, 42129, 46068, 89, 348.04
2026/09/23 15:43:51.716, 42129, 46068, 95, 320.95
2026/09/23 15:43:52.717, 42129, 46068, 90, 327.08
2026/09/23 15:43:53.719, 42129, 46068, 84, 319.10
2026/09/23 15:43:54.721, 42129, 46068, 94, 326.93
2026/09/23 15:43:55.722, 42129, 46068, 90, 328.08
2026/09/23 15:43:56.724, 42129, 46068, 95, 327.65
2026/09/23 15:43:57.726, 42129, 46068, 95, 330.11
2026/09/23 15:43:58.728, 42129, 46068, 95, 327.95
2026/09/23 15:43:59.729, 42129, 46068, 90, 330.58
2026/09/23 15:44:00.731, 42129, 46068, 96, 328.91
2026/09/23 15:44:01.733, 42129, 46068, 89, 322.23
2026/09/23 15:44:02.735, 42129, 46068, 100, 338.74
2026/09/23 15:44:03.737, 42129, 46068, 100, 343.53
2026/09/23 15:44:04.739, 42129, 46068, 100, 343.53
2026/09/23 15:44:05.740, 42129, 46068, 100, 341.87
2026/09/23 15:44:06.742, 42129, 46068, 100, 349.89
2026/09/23 15:44:07.744, 42129, 46068, 100, 350.18
2026/09/23 15:44:08.746, 42129, 46068, 100, 346.52
2026/09/23 15:44:09.748, 42129, 46068, 100, 354.38
2026/09/23 15:44:10.749, 42129, 46068, 100, 345.65
2026/09/23 15:44:11.751, 42129, 46068, 100, 343.14
2026/09/23 15:44:12.753, 42129, 46068, 93, 350.07
2026/09/23 15:44:13.755, 42129, 46068, 100, 347.45
2026/09/23 15:44:14.757, 42129, 46068, 100, 347.99
2026/09/23 15:44:15.759, 42129, 46068, 93, 345.06
2026/09/23 15:44:16.761, 42129, 46068, 100, 343.90
2026/09/23 15:44:17.763, 42129, 46068, 93, 352.16
2026/09/23 15:44:18.765, 42129, 46068, 100, 346.46
2026/09/23 15:44:19.767, 42129, 46068, 95, 339.86
2026/09/23 15:44:20.769, 42129, 46068, 91, 332.30
2026/09/23 15:44:21.771, 42129, 46068, 95, 331.16
2026/09/23 15:44:22.773, 42129, 46068, 94, 334.56
2026/09/23 15:44:23.774, 42129, 46068, 91, 325.31
2026/09/23 15:44:24.776, 42129, 46068, 92, 331.32
2026/09/23 15:44:25.778, 42129, 46068, 91, 336.76
2026/09/23 15:44:26.780, 42129, 46068, 90, 328.08
2026/09/23 15:44:27.782, 42129, 46068, 90, 334.17
2026/09/23 15:44:28.785, 42129, 46068, 95, 333.52
2026/09/23 15:44:29.787, 42129, 46068, 91, 336.86
2026/09/23 15:44:30.788, 42129, 46068, 89, 331.13
2026/09/23 15:44:31.790, 42129, 46068, 90, 327.92
2026/09/23 15:44:32.792, 42129, 46068, 91, 335.76
2026/09/23 15:44:33.794, 42129, 46068, 66, 306.47
2026/09/23 15:44:34.796, 42129, 46068, 0, 134.74
